Date,USD
01.01.2010,148.46
02.01.2010,148.46
03.01.2010,148.46
04.01.2010,148.46
05.01.2010,148.46
06.01.2010,148.4
07.01.2010,148.22
08.01.2010,148.22
09.01.2010,148.22
10.01.2010,148.22
11.01.2010,148.17
12.01.2010,148.15
13.01.2010,148.11
14.01.2010,148.08
15.01.2010,148.06
16.01.2010,148.04
17.01.2010,148.04
18.01.2010,148.04
19.01.2010,148
20.01.2010,147.96
21.01.2010,147.95
22.01.2010,147.91
23.01.2010,147.88
24.01.2010,147.88
25.01.2010,147.88
26.01.2010,147.94
27.01.2010,147.99
28.01.2010,148.07
29.01.2010,148.19
30.01.2010,148.21
31.01.2010,148.21
01.02.2010,148.21
02.02.2010,147.95
03.02.2010,148.01
04.02.2010,147.9
05.02.2010,147.86
06.02.2010,147.78
07.02.2010,147.78
08.02.2010,147.78
09.02.2010,147.96
10.02.2010,148.14
11.02.2010,148.21
12.02.2010,148.01
13.02.2010,147.88
14.02.2010,147.88
15.02.2010,147.88
16.02.2010,148.08
17.02.2010,148.16
18.02.2010,147.83
19.02.2010,147.76
20.02.2010,147.77
21.02.2010,147.77
22.02.2010,147.77
23.02.2010,147.67
24.02.2010,147.52
25.02.2010,147.34
26.02.2010,147.33
27.02.2010,147.32
28.02.2010,147.32
01.03.2010,147.32
02.03.2010,147.23
03.03.2010,147.36
04.03.2010,147.45
05.03.2010,147.28
06.03.2010,147.2
07.03.2010,147.2
08.03.2010,147.2
09.03.2010,147.2
10.03.2010,147.19
11.03.2010,147.29
12.03.2010,147.16
13.03.2010,147.13
14.03.2010,147.13
15.03.2010,147.13
16.03.2010,147.09
17.03.2010,147.05
18.03.2010,147.03
19.03.2010,147.05
20.03.2010,146.95
21.03.2010,146.95
22.03.2010,146.95
23.03.2010,146.95
24.03.2010,146.95
25.03.2010,146.95
26.03.2010,146.89
27.03.2010,146.92
28.03.2010,146.92
29.03.2010,146.92
30.03.2010,146.96
31.03.2010,147.11
01.04.2010,146.98
02.04.2010,147.07
03.04.2010,147
04.04.2010,147
05.04.2010,147
06.04.2010,146.91
07.04.2010,146.89
08.04.2010,146.9
09.04.2010,146.85
10.04.2010,146.79
11.04.2010,146.79
12.04.2010,146.79
13.04.2010,146.77
14.04.2010,146.67
15.04.2010,146.63
16.04.2010,146.58
17.04.2010,146.49
18.04.2010,146.49
19.04.2010,146.49
20.04.2010,146.61
21.04.2010,146.68
22.04.2010,146.46
23.04.2010,146.63
24.04.2010,146.54
25.04.2010,146.54
26.04.2010,146.54
27.04.2010,146.56
28.04.2010,146.41
29.04.2010,146.54
30.04.2010,146.78
01.05.2010,146.43
02.05.2010,146.43
03.05.2010,146.43
04.05.2010,146.43
05.05.2010,146.52
06.05.2010,146.71
07.05.2010,146.86
08.05.2010,147.04
09.05.2010,147.04
10.05.2010,147.04
11.05.2010,147.04
12.05.2010,146.61
13.05.2010,146.78
14.05.2010,146.6
15.05.2010,146.51
16.05.2010,146.51
17.05.2010,146.51
18.05.2010,146.74
19.05.2010,146.77
20.05.2010,146.53
21.05.2010,146.55
22.05.2010,146.98
23.05.2010,146.98
24.05.2010,146.98
25.05.2010,146.47
26.05.2010,146.6
27.05.2010,146.84
28.05.2010,146.62
29.05.2010,146.5
30.05.2010,146.5
31.05.2010,146.5
01.06.2010,146.69
02.06.2010,146.85
03.06.2010,146.86
04.06.2010,146.65
05.06.2010,146.75
06.06.2010,146.75
07.06.2010,146.75
08.06.2010,147.05
09.06.2010,147.22
10.06.2010,147.23
11.06.2010,146.92
12.06.2010,147.03
13.06.2010,147.03
14.06.2010,147.03
15.06.2010,147.08
16.06.2010,147.28
17.06.2010,147.1
18.06.2010,147.05
19.06.2010,146.99
20.06.2010,146.99
21.06.2010,146.99
22.06.2010,146.95
23.06.2010,146.99
24.06.2010,147.12
25.06.2010,147.2
26.06.2010,147.3
27.06.2010,147.3
28.06.2010,147.3
29.06.2010,147.35
30.06.2010,147.46
01.07.2010,147.55
02.07.2010,147.48
03.07.2010,147.48
04.07.2010,147.34
05.07.2010,147.34
06.07.2010,147.34
07.07.2010,147.34
08.07.2010,147.25
09.07.2010,147.49
10.07.2010,147.52
11.07.2010,147.52
12.07.2010,147.52
13.07.2010,147.6
14.07.2010,147.7
15.07.2010,147.73
16.07.2010,147.57
17.07.2010,147.55
18.07.2010,147.55
19.07.2010,147.55
20.07.2010,147.47
21.07.2010,147.54
22.07.2010,147.56
23.07.2010,147.65
24.07.2010,147.46
25.07.2010,147.46
26.07.2010,147.46
27.07.2010,147.3
28.07.2010,147.38
29.07.2010,147.56
30.07.2010,147.58
31.07.2010,147.69
01.08.2010,147.69
02.08.2010,147.69
03.08.2010,147.78
04.08.2010,147.66
05.08.2010,147.46
06.08.2010,147.41
07.08.2010,147.27
08.08.2010,147.27
09.08.2010,147.27
10.08.2010,147.24
11.08.2010,147.37
12.08.2010,147.29
13.08.2010,147.68
14.08.2010,147.38
15.08.2010,147.38
16.08.2010,147.38
17.08.2010,147.39
18.08.2010,147.26
19.08.2010,147.17
20.08.2010,147.17
21.08.2010,147.12
22.08.2010,147.12
23.08.2010,147.12
24.08.2010,147.2
25.08.2010,147.17
26.08.2010,147.27
27.08.2010,147.15
28.08.2010,147.14
29.08.2010,147.14
30.08.2010,147.14
31.08.2010,147.14
01.09.2010,147.33
02.09.2010,147.24
03.09.2010,147.28
04.09.2010,147.29
05.09.2010,147.29
06.09.2010,147.29
07.09.2010,147.28
08.09.2010,147.35
09.09.2010,147.49
10.09.2010,147.47
11.09.2010,147.38
12.09.2010,147.38
13.09.2010,147.38
14.09.2010,147.24
15.09.2010,147.2
16.09.2010,147.16
17.09.2010,147.28
18.09.2010,147.39
19.09.2010,147.39
20.09.2010,147.39
21.09.2010,147.42
22.09.2010,147.48
23.09.2010,147.31
24.09.2010,147.49
25.09.2010,147.54
26.09.2010,147.54
27.09.2010,147.54
28.09.2010,147.54
29.09.2010,147.42
30.09.2010,147.47
01.10.2010,147.57
02.10.2010,147.63
03.10.2010,147.63
04.10.2010,147.63
05.10.2010,147.5
06.10.2010,147.54
07.10.2010,147.44
08.10.2010,147.45
09.10.2010,147.59
10.10.2010,147.59
11.10.2010,147.59
12.10.2010,147.6
13.10.2010,147.73
14.10.2010,147.79
15.10.2010,147.61
18.10.2010,147.46
19.10.2010,147.56
20.10.2010,147.58
21.10.2010,147.55
22.10.2010,147.69
23.10.2010,147.52
24.10.2010,147.52
25.10.2010,147.52
26.10.2010,147.58
27.10.2010,147.64
28.10.2010,147.54
29.10.2010,147.57
30.10.2010,147.51
31.10.2010,147.51
01.11.2010,147.51
02.11.2010,147.51
03.11.2010,147.58
04.11.2010,147.65
05.11.2010,147.59
06.11.2010,147.51
07.11.2010,147.51
08.11.2010,147.51
09.11.2010,147.68
10.11.2010,147.66
11.11.2010,147.46
12.11.2010,147.51
13.11.2010,147.53
14.11.2010,147.53
15.11.2010,147.53
16.11.2010,147.69
17.11.2010,147.69
18.11.2010,147.52
19.11.2010,147.42
20.11.2010,147.4
21.11.2010,147.4
22.11.2010,147.4
23.11.2010,147.38
24.11.2010,147.36
25.11.2010,147.28
26.11.2010,147.37
27.11.2010,147.4
28.11.2010,147.4
29.11.2010,147.4
30.11.2010,147.49
01.12.2010,147.58
02.12.2010,147.63
03.12.2010,147.68
04.12.2010,147.6
05.12.2010,147.6
06.12.2010,147.6
07.12.2010,147.56
08.12.2010,147.5
09.12.2010,147.44
10.12.2010,147.38
11.12.2010,147.39
12.12.2010,147.39
13.12.2010,147.39
14.12.2010,147.3
15.12.2010,147.31
16.12.2010,147.42
17.12.2010,147.42
18.12.2010,147.42
19.12.2010,147.42
20.12.2010,147.42
21.12.2010,147.34
22.12.2010,147.26
23.12.2010,147.2
24.12.2010,147.13
25.12.2010,147.14
26.12.2010,147.14
27.12.2010,147.14
28.12.2010,147.4
29.12.2010,147.42
30.12.2010,147.45
31.12.2010,147.4
01.01.2011,147.5
02.01.2011,147.5
03.01.2011,147.5
04.01.2011,147.5
05.01.2011,147.5
06.01.2011,147.17
07.01.2011,147.13
08.01.2011,147.13
09.01.2011,147.13
10.01.2011,147.13
11.01.2011,147.33
12.01.2011,147.28
13.01.2011,147.39
14.01.2011,147.12
15.01.2011,147.07
16.01.2011,147.07
17.01.2011,147.07
18.01.2011,146.99
19.01.2011,147
20.01.2011,146.96
21.01.2011,146.89
22.01.2011,147.01
23.01.2011,147.01
24.01.2011,147.01
25.01.2011,146.86
26.01.2011,146.81
27.01.2011,146.8
28.01.2011,146.78
29.01.2011,146.83
30.01.2011,146.83
31.01.2011,146.83
01.02.2011,146.87
02.02.2011,146.96
03.02.2011,146.86
04.02.2011,146.75
05.02.2011,146.83
06.02.2011,146.83
07.02.2011,146.83
08.02.2011,146.73
09.02.2011,146.65
10.02.2011,146.47
11.02.2011,146.41
12.02.2011,146.43
13.02.2011,146.43
14.02.2011,146.43
15.02.2011,146.48
16.02.2011,146.35
17.02.2011,146.36
18.02.2011,146.3
19.02.2011,146.19
20.02.2011,146.19
21.02.2011,146.19
22.02.2011,146.16
23.02.2011,146.13
24.02.2011,146.08
25.02.2011,146.02
26.02.2011,146
27.02.2011,146
28.02.2011,146
01.03.2011,146.02
02.03.2011,145.9
03.03.2011,145.83
04.03.2011,145.79
05.03.2011,145.68
06.03.2011,145.58
07.03.2011,145.58
08.03.2011,145.58
09.03.2011,145.58
10.03.2011,145.7
11.03.2011,145.55
12.03.2011,145.66
13.03.2011,145.66
14.03.2011,145.66
15.03.2011,145.85
16.03.2011,146
17.03.2011,145.66
18.03.2011,145.79
19.03.2011,145.82
20.03.2011,145.82
21.03.2011,145.82
22.03.2011,145.82
23.03.2011,145.82
24.03.2011,145.82
25.03.2011,146.07
26.03.2011,145.62
27.03.2011,145.62
28.03.2011,145.62
29.03.2011,145.57
30.03.2011,145.59
31.03.2011,145.7
01.04.2011,145.7
02.04.2011,145.68
03.04.2011,145.68
04.04.2011,145.68
05.04.2011,145.81
06.04.2011,145.62
07.04.2011,145.43
08.04.2011,145.44
09.04.2011,145.4
10.04.2011,145.4
11.04.2011,145.4
12.04.2011,145.4
13.04.2011,145.37
14.04.2011,145.38
15.04.2011,145.31
16.04.2011,145.28
17.04.2011,145.28
18.04.2011,145.28
19.04.2011,145.3
20.04.2011,145.49
21.04.2011,145.53
22.04.2011,145.31
23.04.2011,145.29
24.04.2011,145.29
25.04.2011,145.29
26.04.2011,145.38
27.04.2011,145.46
28.04.2011,145.39
29.04.2011,145.57
30.04.2011,145.54
01.05.2011,145.54
02.05.2011,145.54
03.05.2011,145.54
04.05.2011,145.79
05.05.2011,145.8
06.05.2011,145.71
07.05.2011,145.68
08.05.2011,145.68
09.05.2011,145.68
10.05.2011,145.68
11.05.2011,145.9
12.05.2011,145.75
13.05.2011,145.74
14.05.2011,145.73
15.05.2011,145.73
16.05.2011,145.73
17.05.2011,145.79
18.05.2011,145.75
19.05.2011,145.6
20.05.2011,145.48
21.05.2011,145.22
22.05.2011,145.22
23.05.2011,145.22
24.05.2011,145.23
25.05.2011,145.38
26.05.2011,145.27
27.05.2011,145.17
28.05.2011,145.3
29.05.2011,145.3
30.05.2011,145.3
31.05.2011,145.34
01.06.2011,145.43
02.06.2011,145.33
03.06.2011,145.5
04.06.2011,145.53
05.06.2011,145.53
06.06.2011,145.53
07.06.2011,145.55
08.06.2011,145.47
09.06.2011,145.49
10.06.2011,145.48
11.06.2011,145.52
12.06.2011,145.52
13.06.2011,145.52
14.06.2011,145.74
15.06.2011,145.75
16.06.2011,145.74
17.06.2011,145.62
18.06.2011,145.92
19.06.2011,145.92
20.06.2011,145.92
21.06.2011,146.03
22.06.2011,145.84
23.06.2011,145.91
24.06.2011,146
25.06.2011,146.12
26.06.2011,146.12
27.06.2011,146.12
28.06.2011,146.27
29.06.2011,146.34
30.06.2011,146.25
01.07.2011,145.83
02.07.2011,145.8
03.07.2011,145.8
04.07.2011,145.8
05.07.2011,145.84
06.07.2011,145.71
07.07.2011,145.71
08.07.2011,145.49
09.07.2011,145.43
10.07.2011,145.43
11.07.2011,145.43
12.07.2011,145.62
13.07.2011,146.14
14.07.2011,146.13
15.07.2011,146.18
16.07.2011,146.03
17.07.2011,146.03
18.07.2011,146.03
19.07.2011,145.87
20.07.2011,146.31
21.07.2011,146.47
22.07.2011,146.21
23.07.2011,146.05
24.07.2011,146.05
25.07.2011,146.05
26.07.2011,145.9
27.07.2011,145.4
28.07.2011,145.52
29.07.2011,146.12
30.07.2011,146.14
31.07.2011,146.14
01.08.2011,146.14
02.08.2011,145.89
03.08.2011,146.14
04.08.2011,146.25
05.08.2011,146.46
06.08.2011,146.53
07.08.2011,146.53
08.08.2011,146.53
09.08.2011,146.65
10.08.2011,146.84
11.08.2011,147.04
12.08.2011,147.07
13.08.2011,147.18
14.08.2011,147.18
15.08.2011,147.18
16.08.2011,147.07
17.08.2011,146.89
18.08.2011,146.27
19.08.2011,146.29
20.08.2011,146.79
21.08.2011,146.79
22.08.2011,146.79
23.08.2011,146.7
24.08.2011,146.41
25.08.2011,146.39
26.08.2011,146.45
27.08.2011,146.43
28.08.2011,146.41
29.08.2011,146.41
30.08.2011,146.41
31.08.2011,146.41
01.09.2011,146.46
02.09.2011,146.64
03.09.2011,146.71
04.09.2011,146.71
05.09.2011,146.71
06.09.2011,146.8
07.09.2011,146.91
08.09.2011,146.87
09.09.2011,146.9
10.09.2011,147.11
11.09.2011,147.11
12.09.2011,147.11
13.09.2011,147.31
14.09.2011,147.34
15.09.2011,147.29
16.09.2011,147.08
17.09.2011,147.08
18.09.2011,147.08
19.09.2011,147.08
20.09.2011,147.1
21.09.2011,147.35
22.09.2011,147.38
23.09.2011,147.5
24.09.2011,147.68
25.09.2011,147.68
26.09.2011,147.68
27.09.2011,147.78
28.09.2011,147.71
29.09.2011,147.66
30.09.2011,147.87
01.10.2011,147.99
02.10.2011,147.99
03.10.2011,147.99
04.10.2011,148.19
05.10.2011,148.17
06.10.2011,148.2
07.10.2011,148.34
08.10.2011,148.36
09.10.2011,148.36
10.10.2011,148.36
11.10.2011,148.24
12.10.2011,148.08
13.10.2011,147.89
14.10.2011,147.72
15.10.2011,147.72
16.10.2011,147.72
17.10.2011,147.72
18.10.2011,147.87
19.10.2011,147.89
20.10.2011,147.85
21.10.2011,147.92
22.10.2011,148
23.10.2011,148
24.10.2011,148
25.10.2011,147.97
26.10.2011,147.96
27.10.2011,147.96
28.10.2011,147.85
29.10.2011,147.54
30.10.2011,147.54
31.10.2011,147.54
01.11.2011,147.77
02.11.2011,147.99
03.11.2011,148.04
04.11.2011,147.91
05.11.2011,147.94
06.11.2011,147.94
07.11.2011,147.94
08.11.2011,147.97
09.11.2011,147.98
10.11.2011,147.91
11.11.2011,148.08
12.11.2011,148.13
13.11.2011,148.13
14.11.2011,148.13
15.11.2011,148.14
16.11.2011,148.22
17.11.2011,148.08
18.11.2011,148.01
19.11.2011,148.02
20.11.2011,148.02
21.11.2011,148.02
22.11.2011,147.95
23.11.2011,147.57
24.11.2011,147.34
25.11.2011,147.2
26.11.2011,147.23
27.11.2011,147.23
28.11.2011,147.23
29.11.2011,147.48
30.11.2011,147.72
01.12.2011,147.69
02.12.2011,147.68
03.12.2011,147.59
04.12.2011,147.59
05.12.2011,147.59
06.12.2011,147.63
07.12.2011,147.65
08.12.2011,147.68
09.12.2011,147.64
10.12.2011,147.8
11.12.2011,147.8
12.12.2011,147.8
13.12.2011,147.87
14.12.2011,147.89
15.12.2011,147.96
16.12.2011,148.08
17.12.2011,148.08
18.12.2011,148.08
19.12.2011,148.08
20.12.2011,148.08
21.12.2011,148.27
22.12.2011,147.83
23.12.2011,147.99
24.12.2011,148.11
25.12.2011,148.11
26.12.2011,148.11
27.12.2011,148.08
28.12.2011,148.26
29.12.2011,148.28
30.12.2011,148.04
31.12.2011,148.4
01.01.2012,148.4
02.01.2012,148.4
03.01.2012,148.4
04.01.2012,148.4
05.01.2012,148.23
06.01.2012,148.08
07.01.2012,148.29
08.01.2012,148.29
09.01.2012,148.29
10.01.2012,148.54
11.01.2012,148.59
12.01.2012,148.4
13.01.2012,148.52
14.01.2012,148.17
15.01.2012,148.17
16.01.2012,148.17
17.01.2012,148.36
18.01.2012,148.35
19.01.2012,148.3
20.01.2012,148.2
21.01.2012,148.32
22.01.2012,148.32
23.01.2012,148.32
24.01.2012,148.44
25.01.2012,148.42
26.01.2012,148.61
27.01.2012,148.35
28.01.2012,148.37
29.01.2012,148.37
30.01.2012,148.37
31.01.2012,148.6
01.02.2012,148.56
02.02.2012,148.7
03.02.2012,148.61
04.02.2012,148.72
05.02.2012,148.72
06.02.2012,148.72
07.02.2012,148.66
08.02.2012,148.63
09.02.2012,148.59
10.02.2012,148.49
11.02.2012,148.37
12.02.2012,148.37
13.02.2012,148.37
14.02.2012,148.37
15.02.2012,148.37
16.02.2012,148.29
17.02.2012,148.12
18.02.2012,148.12
19.02.2012,148.12
20.02.2012,148.12
21.02.2012,148.11
22.02.2012,148.02
23.02.2012,148.01
24.02.2012,147.83
25.02.2012,147.62
26.02.2012,147.62
27.02.2012,147.62
28.02.2012,147.62
29.02.2012,147.65
01.03.2012,147.74
02.03.2012,147.78
03.03.2012,147.93
04.03.2012,147.93
05.03.2012,147.93
06.03.2012,147.95
07.03.2012,147.93
08.03.2012,147.96
09.03.2012,147.96
10.03.2012,147.96
11.03.2012,147.96
12.03.2012,147.99
13.03.2012,147.93
14.03.2012,147.95
15.03.2012,147.73
16.03.2012,147.51
17.03.2012,147.72
18.03.2012,147.72
19.03.2012,147.72
20.03.2012,147.71
21.03.2012,147.75
22.03.2012,147.75
23.03.2012,147.75
24.03.2012,147.75
25.03.2012,147.75
26.03.2012,147.75
27.03.2012,147.66
28.03.2012,147.75
29.03.2012,147.56
30.03.2012,147.65
31.03.2012,147.77
01.04.2012,147.77
02.04.2012,147.77
03.04.2012,147.92
04.04.2012,148.04
05.04.2012,148.11
06.04.2012,148.29
07.04.2012,148.07
08.04.2012,148.07
09.04.2012,148.07
10.04.2012,147.52
11.04.2012,147.58
12.04.2012,147.66
13.04.2012,147.64
14.04.2012,147.63
15.04.2012,147.63
16.04.2012,147.63
17.04.2012,147.5
18.04.2012,147.54
19.04.2012,147.64
20.04.2012,147.76
21.04.2012,147.96
22.04.2012,147.96
23.04.2012,147.96
24.04.2012,147.82
25.04.2012,147.67
26.04.2012,147.75
27.04.2012,147.9
28.04.2012,147.9
29.04.2012,147.89
30.04.2012,147.89
01.05.2012,147.89
02.05.2012,147.89
03.05.2012,148.06
04.05.2012,147.87
05.05.2012,147.95
06.05.2012,147.95
07.05.2012,147.95
08.05.2012,147.85
09.05.2012,147.94
10.05.2012,147.94
11.05.2012,147.82
12.05.2012,147.87
13.05.2012,147.87
14.05.2012,147.87
15.05.2012,148
16.05.2012,148
17.05.2012,147.94
18.05.2012,148.03
19.05.2012,147.72
20.05.2012,147.72
21.05.2012,147.72
22.05.2012,147.99
23.05.2012,147.89
24.05.2012,147.78
25.05.2012,147.67
26.05.2012,147.62
27.05.2012,147.62
28.05.2012,147.62
29.05.2012,148.02
30.05.2012,147.96
31.05.2012,147.91
01.06.2012,148.06
02.06.2012,148.02
03.06.2012,148.02
04.06.2012,148.02
05.06.2012,148.76
06.06.2012,148.83
07.06.2012,148.89
08.06.2012,148.64
09.06.2012,148.64
10.06.2012,148.64
11.06.2012,148.64
12.06.2012,148.7
13.06.2012,148.83
14.06.2012,148.9
15.06.2012,148.96
16.06.2012,148.99
17.06.2012,148.99
18.06.2012,148.99
19.06.2012,148.92
20.06.2012,148.88
21.06.2012,148.8
22.06.2012,148.99
23.06.2012,149.17
24.06.2012,149.17
25.06.2012,149.17
26.06.2012,149.22
27.06.2012,149.31
28.06.2012,149.32
29.06.2012,149.17
30.06.2012,149.42
01.07.2012,149.42
02.07.2012,149.42
03.07.2012,149.29
04.07.2012,149.45
05.07.2012,149.53
06.07.2012,149.57
07.07.2012,149.57
08.07.2012,149.57
09.07.2012,149.57
10.07.2012,149.7
11.07.2012,149.86
12.07.2012,149.91
13.07.2012,149.89
14.07.2012,149.86
15.07.2012,149.86
16.07.2012,149.86
17.07.2012,149.95
18.07.2012,149.89
19.07.2012,149.66
20.07.2012,149.56
21.07.2012,149.51
22.07.2012,149.51
23.07.2012,149.51
24.07.2012,149.74
25.07.2012,149.92
26.07.2012,150.03
27.07.2012,150.03
28.07.2012,149.93
29.07.2012,149.93
30.07.2012,149.93
31.07.2012,149.93
01.08.2012,150.01
02.08.2012,150.08
03.08.2012,150.15
04.08.2012,150.22
05.08.2012,150.22
06.08.2012,150.22
07.08.2012,150.14
08.08.2012,150.05
09.08.2012,150.09
10.08.2012,149.95
11.08.2012,149.71
12.08.2012,149.71
13.08.2012,149.71
14.08.2012,149.64
15.08.2012,149.42
16.08.2012,149.22
17.08.2012,149.22
18.08.2012,149.18
19.08.2012,149.18
20.08.2012,149.18
21.08.2012,149.22
22.08.2012,149.35
23.08.2012,149.11
24.08.2012,148.99
25.08.2012,148.86
26.08.2012,148.86
27.08.2012,148.86
28.08.2012,148.86
29.08.2012,148.93
30.08.2012,149.41
31.08.2012,149.41
01.09.2012,149.57
02.09.2012,149.57
03.09.2012,149.57
04.09.2012,149.57
05.09.2012,149.55
06.09.2012,149.34
07.09.2012,149.55
08.09.2012,149.49
09.09.2012,149.49
10.09.2012,149.49
11.09.2012,149.59
12.09.2012,149.62
13.09.2012,149.82
14.09.2012,149.93
15.09.2012,149.88
16.09.2012,149.88
17.09.2012,149.88
18.09.2012,149.76
19.09.2012,149.7
20.09.2012,149.91
21.09.2012,149.8
22.09.2012,150.05
23.09.2012,150.05
24.09.2012,150.05
25.09.2012,150.12
26.09.2012,150.01
27.09.2012,150.15
28.09.2012,150.01
29.09.2012,149.86
30.09.2012,149.86
01.10.2012,149.86
02.10.2012,150.02
03.10.2012,150.16
04.10.2012,150.21
05.10.2012,150.25
06.10.2012,150.3
07.10.2012,150.3
08.10.2012,150.3
09.10.2012,150.33
10.10.2012,150.38
11.10.2012,150.49
12.10.2012,150.57
13.10.2012,150.53
14.10.2012,150.53
15.10.2012,150.53
16.10.2012,150.62
17.10.2012,150.65
18.10.2012,150.41
19.10.2012,150.26
20.10.2012,149.98
21.10.2012,149.98
22.10.2012,149.98
23.10.2012,150.43
24.10.2012,150.65
25.10.2012,150.56
26.10.2012,150.56
27.10.2012,150.56
28.10.2012,150.56
29.10.2012,150.56
30.10.2012,150.68
31.10.2012,150.66
01.11.2012,150.77
02.11.2012,150.82
03.11.2012,150.84
04.11.2012,150.84
05.11.2012,150.84
06.11.2012,150.86
07.11.2012,150.82
08.11.2012,150.64
09.11.2012,150.86
10.11.2012,150.79
11.11.2012,150.79
12.11.2012,150.79
13.11.2012,150.86
14.11.2012,150.78
15.11.2012,150.46
16.11.2012,150.33
17.11.2012,150.3
18.11.2012,150.3
19.11.2012,150.3
20.11.2012,150.46
21.11.2012,150.25
22.11.2012,150.19
23.11.2012,150.09
24.11.2012,150.07
25.11.2012,150.07
26.11.2012,150.07
27.11.2012,150.15
28.11.2012,150.12
29.11.2012,150.37
30.11.2012,150.52
01.12.2012,150.52
02.12.2012,150.52
03.12.2012,150.52
04.12.2012,150.52
05.12.2012,150.62
06.12.2012,150.47
07.12.2012,150.31
08.12.2012,150.24
09.12.2012,150.24
10.12.2012,150.24
11.12.2012,150.13
12.12.2012,150.35
13.12.2012,150.46
14.12.2012,150.49
15.12.2012,150.55
16.12.2012,150.55
17.12.2012,150.55
18.12.2012,150.55
19.12.2012,150.55
20.12.2012,150.61
21.12.2012,150.49
22.12.2012,150.27
23.12.2012,150.27
24.12.2012,150.27
25.12.2012,150.51
26.12.2012,150.42
27.12.2012,150.49
28.12.2012,150.27
29.12.2012,150.29
30.12.2012,150.74
31.12.2012,150.74
01.01.2013,150.74
02.01.2013,150.74
03.01.2013,150.74
04.01.2013,150.37
05.01.2013,150.59
06.01.2013,150.59
07.01.2013,150.59
08.01.2013,150.59
09.01.2013,150.61
10.01.2013,150.7
11.01.2013,150.93
12.01.2013,150.92
13.01.2013,150.92
14.01.2013,150.92
15.01.2013,150.91
16.01.2013,150.85
17.01.2013,150.7
18.01.2013,150.8
19.01.2013,150.65
20.01.2013,150.65
21.01.2013,150.65
22.01.2013,150.67
23.01.2013,150.72
24.01.2013,150.79
25.01.2013,150.7
26.01.2013,150.76
27.01.2013,150.76
28.01.2013,150.76
29.01.2013,150.64
30.01.2013,150.81
31.01.2013,150.82
01.02.2013,150.81
02.02.2013,150.88
03.02.2013,150.88
04.02.2013,150.88
05.02.2013,150.77
06.02.2013,150.63
07.02.2013,150.52
08.02.2013,150.5
09.02.2013,150.54
10.02.2013,150.54
11.02.2013,150.54
12.02.2013,150.6
13.02.2013,150.53
14.02.2013,150.47
15.02.2013,150.5
16.02.2013,150.45
17.02.2013,150.45
18.02.2013,150.45
19.02.2013,150.48
20.02.2013,150.5
21.02.2013,150.42
22.02.2013,150.3
23.02.2013,150.23
24.02.2013,150.23
25.02.2013,150.23
26.02.2013,150.26
27.02.2013,150.3
28.02.2013,150.45
01.03.2013,150.37
02.03.2013,150.56
03.03.2013,150.56
04.03.2013,150.56
05.03.2013,150.71
06.03.2013,150.8
07.03.2013,150.68
08.03.2013,150.78
09.03.2013,150.78
10.03.2013,150.78
11.03.2013,150.78
12.03.2013,150.75
13.03.2013,150.79
14.03.2013,150.85
15.03.2013,150.86
16.03.2013,150.72
17.03.2013,150.72
18.03.2013,150.72
19.03.2013,150.59
20.03.2013,150.69
21.03.2013,150.88
22.03.2013,150.88
23.03.2013,150.88
24.03.2013,150.88
25.03.2013,150.88
26.03.2013,150.88
27.03.2013,150.7
28.03.2013,150.81
29.03.2013,150.87
30.03.2013,150.84
31.03.2013,150.84
01.04.2013,150.84
02.04.2013,150.87
03.04.2013,150.92
04.04.2013,150.72
05.04.2013,150.89
06.04.2013,150.9
07.04.2013,150.9
08.04.2013,150.9
09.04.2013,150.9
10.04.2013,150.9
11.04.2013,150.93
12.04.2013,150.74
13.04.2013,150.93
14.04.2013,150.93
15.04.2013,150.93
16.04.2013,150.9
17.04.2013,151.03
18.04.2013,150.99
19.04.2013,151.01
20.04.2013,151.09
21.04.2013,151.09
22.04.2013,151.09
23.04.2013,151.16
24.04.2013,151.09
25.04.2013,150.94
26.04.2013,151.05
27.04.2013,151.17
28.04.2013,151.17
29.04.2013,151.17
30.04.2013,151.24
01.05.2013,151.23
02.05.2013,151.23
03.05.2013,151.28
04.05.2013,151.07
05.05.2013,151.07
06.05.2013,151.07
07.05.2013,151.01
08.05.2013,151.01
09.05.2013,150.96
10.05.2013,150.96
11.05.2013,150.96
12.05.2013,150.96
13.05.2013,150.96
14.05.2013,151.1
15.05.2013,151.12
16.05.2013,151.21
17.05.2013,151.1
18.05.2013,150.95
19.05.2013,150.95
20.05.2013,150.95
21.05.2013,150.95
22.05.2013,150.84
23.05.2013,150.81
24.05.2013,150.79
25.05.2013,150.74
26.05.2013,150.74
27.05.2013,150.74
28.05.2013,150.94
29.05.2013,150.84
30.05.2013,150.92
31.05.2013,151.08
01.06.2013,151.36
02.06.2013,151.36
03.06.2013,151.36
04.06.2013,151.39
05.06.2013,151.34
06.06.2013,151.35
07.06.2013,151.31
08.06.2013,151.33
09.06.2013,151.33
10.06.2013,151.33
11.06.2013,151.38
12.06.2013,151.46
13.06.2013,151.57
14.06.2013,151.51
15.06.2013,151.44
16.06.2013,151.44
17.06.2013,151.44
18.06.2013,151.29
19.06.2013,151.35
20.06.2013,151.28
21.06.2013,151.28
22.06.2013,151.54
23.06.2013,151.54
24.06.2013,151.54
25.06.2013,151.44
26.06.2013,151.47
27.06.2013,151.66
28.06.2013,151.76
29.06.2013,151.65
30.06.2013,151.65
01.07.2013,151.65
02.07.2013,151.81
03.07.2013,151.88
04.07.2013,151.95
05.07.2013,152.01
06.07.2013,152.05
07.07.2013,152.05
08.07.2013,152.05
09.07.2013,152.05
10.07.2013,152.23
11.07.2013,152.31
12.07.2013,152.25
13.07.2013,152.44
14.07.2013,152.44
15.07.2013,152.44
16.07.2013,152.61
17.07.2013,152.67
18.07.2013,152.76
19.07.2013,152.82
20.07.2013,152.88
21.07.2013,152.88
22.07.2013,152.88
23.07.2013,153.03
24.07.2013,153.17
25.07.2013,153.25
26.07.2013,153.29
27.07.2013,153.26
28.07.2013,153.26
29.07.2013,153.26
30.07.2013,153.24
31.07.2013,153.13
01.08.2013,153.47
02.08.2013,153.63
03.08.2013,153.75
04.08.2013,153.75
05.08.2013,153.75
06.08.2013,153.81
07.08.2013,153.76
08.08.2013,153.34
09.08.2013,153.12
10.08.2013,152.87
11.08.2013,152.87
12.08.2013,152.87
13.08.2013,153.15
14.08.2013,153.09
15.08.2013,152.85
16.08.2013,152.85
17.08.2013,152.63
18.08.2013,152.63
19.08.2013,152.63
20.08.2013,152.54
21.08.2013,152.47
22.08.2013,152.44
23.08.2013,152.34
24.08.2013,152.45
25.08.2013,152.45
26.08.2013,152.45
27.08.2013,152.33
28.08.2013,152.47
29.08.2013,152.16
30.08.2013,152.81
31.08.2013,152.81
01.09.2013,152.81
02.09.2013,152.81
03.09.2013,153.23
04.09.2013,153.29
05.09.2013,153.13
06.09.2013,153.07
07.09.2013,153.01
08.09.2013,153.01
09.09.2013,153.01
10.09.2013,153.09
11.09.2013,153.37
12.09.2013,153.57
13.09.2013,153.37
14.09.2013,153.29
15.09.2013,153.29
16.09.2013,153.29
17.09.2013,153.38
18.09.2013,153.33
19.09.2013,153.45
20.09.2013,152.97
21.09.2013,153.08
22.09.2013,153.08
23.09.2013,153.08
24.09.2013,153.02
25.09.2013,152.9
26.09.2013,153.45
27.09.2013,153.67
28.09.2013,153.62
29.09.2013,153.62
30.09.2013,153.62
01.10.2013,153.81
02.10.2013,153.86
03.10.2013,154.05
04.10.2013,154.09
05.10.2013,154.15
06.10.2013,154.15
07.10.2013,154.15
08.10.2013,154.27
09.10.2013,154.35
10.10.2013,154.28
11.10.2013,154.4
12.10.2013,153.77
13.10.2013,153.7
14.10.2013,153.7
15.10.2013,153.7
16.10.2013,153.7
17.10.2013,153.52
18.10.2013,153.91
19.10.2013,153.87
20.10.2013,153.87
21.10.2013,153.87
22.10.2013,153.83
23.10.2013,153.78
24.10.2013,153.75
25.10.2013,153.72
26.10.2013,153.8
27.10.2013,153.8
28.10.2013,153.8
29.10.2013,154.09
30.10.2013,154.37
31.10.2013,154.33
01.11.2013,154.23
02.11.2013,154.25
03.11.2013,154.25
04.11.2013,154.25
05.11.2013,154.34
06.11.2013,154.09
07.11.2013,153.77
08.11.2013,153.66
09.11.2013,153.6
10.11.2013,153.6
11.11.2013,153.6
12.11.2013,153.2
13.11.2013,153.26
14.11.2013,153.11
15.11.2013,153.08
16.11.2013,153.18
17.11.2013,153.18
18.11.2013,153.18
19.11.2013,153.27
20.11.2013,153.07
21.11.2013,153
22.11.2013,152.84
23.11.2013,152.8
24.11.2013,152.8
25.11.2013,152.8
26.11.2013,152.77
27.11.2013,152.72
28.11.2013,153.38
29.11.2013,154.05
30.11.2013,153.68
01.12.2013,153.68
02.12.2013,153.68
03.12.2013,153.68
04.12.2013,154.42
05.12.2013,154.5
06.12.2013,154.25
07.12.2013,154.25
08.12.2013,154.25
09.12.2013,154.25
10.12.2013,154.12
11.12.2013,154.47
12.12.2013,154.52
13.12.2013,154.21
14.12.2013,154.11
15.12.2013,154.11
16.12.2013,154.11
17.12.2013,154.11
18.12.2013,154.11
19.12.2013,153.99
20.12.2013,153.85
21.12.2013,153.72
22.12.2013,153.72
23.12.2013,153.72
24.12.2013,153.6
25.12.2013,153.88
26.12.2013,154.1
27.12.2013,153.83
28.12.2013,153.69
29.12.2013,153.9
30.12.2013,153.9
31.12.2013,153.61
01.01.2014,154.06
02.01.2014,154.06
03.01.2014,154.06
04.01.2014,154.06
05.01.2014,154.06
06.01.2014,154.06
07.01.2014,154.47
08.01.2014,154.47
09.01.2014,154.49
10.01.2014,154.51
11.01.2014,154.52
12.01.2014,154.52
13.01.2014,154.52
14.01.2014,154.64
15.01.2014,154.76
16.01.2014,154.99
17.01.2014,155.17
18.01.2014,155.17
19.01.2014,155.17
20.01.2014,155.17
21.01.2014,155.27
22.01.2014,155.3
23.01.2014,155.14
24.01.2014,155.1
25.01.2014,155.09
26.01.2014,155.09
27.01.2014,155.09
28.01.2014,155.17
29.01.2014,155.35
30.01.2014,155.5
31.01.2014,155.54
01.02.2014,155.5
02.02.2014,155.5
03.02.2014,155.5
04.02.2014,155.49
05.02.2014,155.63
06.02.2014,155.68
07.02.2014,155.46
08.02.2014,155.5
09.02.2014,155.5
10.02.2014,155.5
11.02.2014,155.56
12.02.2014,163.9
13.02.2014,184.5
14.02.2014,184.5
15.02.2014,184.51
16.02.2014,184.51
17.02.2014,184.51
18.02.2014,184.5
19.02.2014,184.51
20.02.2014,184.54
21.02.2014,184.8
22.02.2014,184.95
23.02.2014,184.95
24.02.2014,184.95
25.02.2014,184.51
26.02.2014,184.47
27.02.2014,184.72
28.02.2014,184.06
01.03.2014,184.08
02.03.2014,184.08
03.03.2014,184.08
04.03.2014,184.07
05.03.2014,182.46
06.03.2014,181.78
07.03.2014,182.09
08.03.2014,182.08
09.03.2014,182.08
10.03.2014,182.08
11.03.2014,182.08
12.03.2014,182.07
13.03.2014,182.13
14.03.2014,182.1
15.03.2014,182.1
16.03.2014,182.1
17.03.2014,182.1
18.03.2014,182.06
19.03.2014,182.06
20.03.2014,182.04
21.03.2014,182.02
22.03.2014,182.02
23.03.2014,182.02
24.03.2014,182.02
25.03.2014,182.02
26.03.2014,182.02
27.03.2014,182.08
28.03.2014,182.05
29.03.2014,182.04
30.03.2014,182.04
31.03.2014,182.04
01.04.2014,182.06
02.04.2014,182.07
03.04.2014,182.03
04.04.2014,182.02
05.04.2014,182.05
06.04.2014,182.05
07.04.2014,182.05
08.04.2014,182.03
09.04.2014,182.04
10.04.2014,182.07
11.04.2014,182.01
12.04.2014,182.02
13.04.2014,182.02
14.04.2014,182.02
15.04.2014,182.03
16.04.2014,182.07
17.04.2014,182.03
18.04.2014,182.06
19.04.2014,182.05
20.04.2014,182.05
21.04.2014,182.05
22.04.2014,182.07
23.04.2014,182.02
24.04.2014,182.01
25.04.2014,182.01
26.04.2014,182.01
27.04.2014,182.01
28.04.2014,182.01
29.04.2014,182.02
30.04.2014,182.05
01.05.2014,182.06
02.05.2014,182.06
03.05.2014,182.06
04.05.2014,182.06
05.05.2014,182.02
06.05.2014,182.02
07.05.2014,182.01
08.05.2014,182.01
09.05.2014,182.01
10.05.2014,182.01
11.05.2014,182.01
12.05.2014,182.14
13.05.2014,182.04
14.05.2014,182.02
15.05.2014,182.05
16.05.2014,182.03
17.05.2014,182.01
18.05.2014,182.01
19.05.2014,182.01
20.05.2014,182.01
21.05.2014,182.2
22.05.2014,182.41
23.05.2014,182.42
24.05.2014,182.74
25.05.2014,182.74
26.05.2014,182.74
27.05.2014,182.92
28.05.2014,183.46
29.05.2014,183.96
30.05.2014,183.5
31.05.2014,183.5
01.06.2014,183.5
02.06.2014,183.5
03.06.2014,183.51
04.06.2014,183.49
05.06.2014,183.51
06.06.2014,183.51
07.06.2014,183.51
08.06.2014,183.51
09.06.2014,183.51
10.06.2014,183.51
11.06.2014,183.51
12.06.2014,183.51
13.06.2014,183.51
14.06.2014,183.51
15.06.2014,183.51
16.06.2014,183.51
17.06.2014,183.51
18.06.2014,183.51
19.06.2014,183.51
20.06.2014,183.51
21.06.2014,183.51
22.06.2014,183.51
23.06.2014,183.51
24.06.2014,183.5
25.06.2014,183.49
26.06.2014,183.51
27.06.2014,183.5
28.06.2014,183.51
29.06.2014,183.51
30.06.2014,183.51
01.07.2014,183.52
02.07.2014,183.52
03.07.2014,183.52
04.07.2014,183.52
05.07.2014,183.52
06.07.2014,183.52
07.07.2014,183.52
08.07.2014,183.52
09.07.2014,183.52
10.07.2014,183.52
11.07.2014,183.52
12.07.2014,183.52
13.07.2014,183.52
14.07.2014,183.52
15.07.2014,183.52
16.07.2014,183.52
17.07.2014,183.52
18.07.2014,183.52
19.07.2014,183.52
20.07.2014,183.52
21.07.2014,183.52
22.07.2014,183.53
23.07.2014,183.53
24.07.2014,183.53
25.07.2014,183.52
26.07.2014,183.52
27.07.2014,183.52
28.07.2014,183.52
29.07.2014,183.52
30.07.2014,183.53
31.07.2014,183.53
01.08.2014,183.28
02.08.2014,182.08
03.08.2014,182.08
04.08.2014,182.08
05.08.2014,182.05
06.08.2014,182.04
07.08.2014,182
08.08.2014,182
09.08.2014,182
10.08.2014,182
11.08.2014,182
12.08.2014,182
13.08.2014,182
14.08.2014,182
15.08.2014,182
16.08.2014,182
17.08.2014,182
18.08.2014,182
19.08.2014,182
20.08.2014,182
21.08.2014,182
22.08.2014,182
23.08.2014,182
24.08.2014,182
25.08.2014,182
26.08.2014,182
27.08.2014,182
28.08.2014,182
29.08.2014,182
30.08.2014,182
31.08.2014,182
01.09.2014,182
02.09.2014,182
03.09.2014,182
04.09.2014,182
05.09.2014,182
06.09.2014,182
07.09.2014,182
08.09.2014,182
09.09.2014,182
10.09.2014,182
11.09.2014,182
12.09.2014,182
13.09.2014,181.95
14.09.2014,181.95
15.09.2014,181.95
16.09.2014,181.95
17.09.2014,181.95
18.09.2014,181.95
19.09.2014,181.95
20.09.2014,181.95
21.09.2014,181.95
22.09.2014,181.95
23.09.2014,181.95
24.09.2014,181.9
25.09.2014,181.88
26.09.2014,181.88
27.09.2014,181.9
28.09.2014,181.9
29.09.2014,181.9
30.09.2014,181.9
01.10.2014,181.9
02.10.2014,181.9
03.10.2014,181.9
04.10.2014,181.9
05.10.2014,181.9
06.10.2014,181.9
07.10.2014,181.8
08.10.2014,181.8
09.10.2014,181.8
10.10.2014,181.8
11.10.2014,181.8
12.10.2014,181.8
13.10.2014,181.8
14.10.2014,181.8
15.10.2014,181.8
16.10.2014,181.52
17.10.2014,181.5
18.10.2014,181.5
19.10.2014,181.5
20.10.2014,181.5
21.10.2014,181.5
22.10.2014,181.34
23.10.2014,180.99
24.10.2014,180.87
25.10.2014,180.87
26.10.2014,180.87
27.10.2014,180.87
28.10.2014,180.87
29.10.2014,180.87
30.10.2014,180.87
31.10.2014,180.87
01.11.2014,180.87
02.11.2014,180.87
03.11.2014,180.87
04.11.2014,180.87
05.11.2014,180.87
06.11.2014,180.87
07.11.2014,180.87
08.11.2014,180.87
09.11.2014,180.87
10.11.2014,180.87
11.11.2014,180.87
12.11.2014,180.87
13.11.2014,180.87
14.11.2014,180.87
15.11.2014,180.87
16.11.2014,180.87
17.11.2014,180.87
18.11.2014,180.87
19.11.2014,180.87
20.11.2014,180.87
21.11.2014,180.87
22.11.2014,180.87
23.11.2014,180.87
24.11.2014,180.87
25.11.2014,180.87
26.11.2014,180.87
27.11.2014,180.87
28.11.2014,180.87
29.11.2014,180.87
30.11.2014,180.87
01.12.2014,180.87
02.12.2014,180.87
03.12.2014,181.09
04.12.2014,181.4
05.12.2014,181.4
06.12.2014,181.4
07.12.2014,181.4
08.12.2014,181.4
09.12.2014,181.62
10.12.2014,181.7
11.12.2014,181.7
12.12.2014,181.7
13.12.2014,181.7
14.12.2014,181.7
15.12.2014,181.7
16.12.2014,181.7
17.12.2014,181.7
18.12.2014,181.7
19.12.2014,182.05
20.12.2014,182.05
21.12.2014,182.05
22.12.2014,182.05
23.12.2014,182.05
24.12.2014,182.05
25.12.2014,182.27
26.12.2014,182.35
27.12.2014,182.35
28.12.2014,182.35
29.12.2014,182.35
30.12.2014,182.35
31.12.2014,182.35
01.01.2015,182.35
02.01.2015,182.35
03.01.2015,182.35
04.01.2015,182.35
05.01.2015,182.35
06.01.2015,182.85
07.01.2015,183.05
08.01.2015,183.05
09.01.2015,183.05
10.01.2015,183.05
11.01.2015,183.05
12.01.2015,183.05
13.01.2015,183.55
14.01.2015,183.55
15.01.2015,183.55
16.01.2015,183.8
17.01.2015,183.8
18.01.2015,183.8
19.01.2015,183.8
20.01.2015,183.81
21.01.2015,183.8
22.01.2015,184.1
23.01.2015,184.1
24.01.2015,184.1
25.01.2015,184.1
26.01.2015,184.1
27.01.2015,184.45
28.01.2015,184.45
29.01.2015,184.45
30.01.2015,184.45
31.01.2015,184.45
01.02.2015,184.45
02.02.2015,184.45
03.02.2015,184.45
04.02.2015,184.45
05.02.2015,184.75
06.02.2015,184.75
07.02.2015,184.75
08.02.2015,184.75
09.02.2015,184.75
10.02.2015,185.05
11.02.2015,185.05
12.02.2015,185.05
13.02.2015,185.05
14.02.2015,185.05
15.02.2015,185.05
16.02.2015,185.05
17.02.2015,185.05
18.02.2015,185.05
19.02.2015,185.05
20.02.2015,185.05
21.02.2015,185.05
22.02.2015,185.05
23.02.2015,185.05
24.02.2015,185.05
25.02.2015,185.05
26.02.2015,185.05
27.02.2015,185.05
28.02.2015,185.05
01.03.2015,185.05
02.03.2015,185.05
03.03.2015,185.05
04.03.2015,185.05
05.03.2015,185.05
06.03.2015,185.2
07.03.2015,185.2
08.03.2015,185.2
09.03.2015,185.2
10.03.2015,185.2
11.03.2015,185.2
12.03.2015,185.35
13.03.2015,185.35
14.03.2015,185.35
15.03.2015,185.35
16.03.2015,185.35
17.03.2015,185.35
18.03.2015,185.35
19.03.2015,185.35
20.03.2015,185.5
21.03.2015,185.5
22.03.2015,185.5
23.03.2015,185.5
24.03.2015,185.5
25.03.2015,185.5
26.03.2015,185.5
27.03.2015,185.5
28.03.2015,185.5
29.03.2015,185.5
30.03.2015,185.5
31.03.2015,185.65
01.04.2015,185.65
02.04.2015,185.65
03.04.2015,185.65
04.04.2015,185.65
05.04.2015,185.65
06.04.2015,185.65
07.04.2015,185.65
08.04.2015,185.65
09.04.2015,185.65
10.04.2015,185.65
11.04.2015,185.65
12.04.2015,185.65
13.04.2015,185.65
14.04.2015,185.65
15.04.2015,185.8
16.04.2015,185.8
17.04.2015,185.8
18.04.2015,185.8
19.04.2015,185.8
20.04.2015,185.8
21.04.2015,185.8
22.04.2015,185.8
23.04.2015,185.8
24.04.2015,185.8
25.04.2015,185.8
26.04.2015,185.8
27.04.2015,185.8
28.04.2015,185.8
29.04.2015,185.8
30.04.2015,185.8
01.05.2015,185.8
02.05.2015,185.8
03.05.2015,185.8
04.05.2015,185.8
05.05.2015,185.8
06.05.2015,185.8
07.05.2015,185.8
08.05.2015,185.8
09.05.2015,185.8
10.05.2015,185.8
11.05.2015,185.8
12.05.2015,185.8
13.05.2015,185.8
14.05.2015,185.8
15.05.2015,185.8
16.05.2015,185.8
17.05.2015,185.8
18.05.2015,185.8
19.05.2015,185.8
20.05.2015,185.8
21.05.2015,185.8
22.05.2015,185.8
23.05.2015,185.8
24.05.2015,185.8
25.05.2015,185.8
26.05.2015,185.8
27.05.2015,185.8
28.05.2015,185.8
29.05.2015,185.8
30.05.2015,185.95
31.05.2015,185.95
01.06.2015,185.95
02.06.2015,185.95
03.06.2015,185.95
04.06.2015,185.95
05.06.2015,185.95
06.06.2015,185.95
07.06.2015,185.95
08.06.2015,185.95
09.06.2015,185.95
10.06.2015,185.95
11.06.2015,186.05
12.06.2015,186.05
13.06.2015,186.05
14.06.2015,186.05
15.06.2015,186.05
16.06.2015,186.05
17.06.2015,186.05
18.06.2015,186.05
19.06.2015,186.05
20.06.2015,186.05
21.06.2015,186.05
22.06.2015,186.05
23.06.2015,186.05
24.06.2015,186.05
25.06.2015,186.2
26.06.2015,186.2
27.06.2015,186.2
28.06.2015,186.2
29.06.2015,186.2
30.06.2015,186.2
01.07.2015,186.2
02.07.2015,186.2
03.07.2015,186.2
04.07.2015,186.2
05.07.2015,186.2
06.07.2015,186.2
07.07.2015,186.2
08.07.2015,186.2
09.07.2015,186.35
10.07.2015,186.35
11.07.2015,186.55
12.07.2015,186.55
13.07.2015,186.55
14.07.2015,186.8
15.07.2015,186.8
16.07.2015,187.05
17.07.2015,187.05
18.07.2015,187.05
19.07.2015,187.05
20.07.2015,187.05
21.07.2015,187.05
22.07.2015,187.05
23.07.2015,187.05
24.07.2015,187.05
25.07.2015,187.05
26.07.2015,187.05
27.07.2015,187.05
28.07.2015,187.25
29.07.2015,187.25
30.07.2015,187.45
31.07.2015,187.45
01.08.2015,187.45
02.08.2015,187.45
03.08.2015,187.45
04.08.2015,187.45
05.08.2015,187.65
06.08.2015,187.65
07.08.2015,187.65
08.08.2015,187.65
09.08.2015,187.65
10.08.2015,187.65
11.08.2015,187.85
12.08.2015,187.85
13.08.2015,187.85
14.08.2015,188.05
15.08.2015,188.05
16.08.2015,188.05
17.08.2015,188.05
18.08.2015,188.35
19.08.2015,188.35
20.08.2015,188.38
21.08.2015,255.26
22.08.2015,252.47
23.08.2015,252.47
24.08.2015,252.47
25.08.2015,218.61
26.08.2015,230.11
27.08.2015,243.99
28.08.2015,241.76
29.08.2015,237.66
30.08.2015,237.66
31.08.2015,237.66
01.09.2015,237.66
02.09.2015,234.94
03.09.2015,241.15
04.09.2015,239.76
05.09.2015,239.6
06.09.2015,239.6
07.09.2015,239.6
08.09.2015,243.1
09.09.2015,245.02
10.09.2015,245.23
11.09.2015,253
12.09.2015,252.14
13.09.2015,252.14
14.09.2015,252.14
15.09.2015,273.55
16.09.2015,276.83
17.09.2015,283.98
18.09.2015,270.11
19.09.2015,270.69
20.09.2015,270.69
21.09.2015,270.69
22.09.2015,270.46
23.09.2015,269.96
24.09.2015,264.12
25.09.2015,264.12
26.09.2015,269.81
27.09.2015,269.81
28.09.2015,269.81
29.09.2015,269.99
30.09.2015,270.4
01.10.2015,270.89
02.10.2015,270.9
03.10.2015,271.05
04.10.2015,271.05
05.10.2015,271.05
06.10.2015,271.5
07.10.2015,272.95
08.10.2015,273.53
09.10.2015,274
10.10.2015,274.41
11.10.2015,274.41
12.10.2015,274.41
13.10.2015,274.95
14.10.2015,275.47
15.10.2015,275.99
16.10.2015,277.05
17.10.2015,276.1
18.10.2015,276.1
19.10.2015,276.1
20.10.2015,276.88
21.10.2015,277.1
22.10.2015,277.51
23.10.2015,278.21
24.10.2015,277.51
25.10.2015,277.51
26.10.2015,277.51
27.10.2015,278.55
28.10.2015,278.92
29.10.2015,279.21
30.10.2015,279.21
31.10.2015,279.18
01.11.2015,279.18
02.11.2015,279.18
03.11.2015,280.37
04.11.2015,282.7
05.11.2015,284.28
06.11.2015,298.92
07.11.2015,307.53
08.11.2015,307.53
09.11.2015,307.53
10.11.2015,312.65
11.11.2015,306.74
12.11.2015,306.85
13.11.2015,306.57
14.11.2015,307.73
15.11.2015,307.73
16.11.2015,307.73
17.11.2015,308.36
18.11.2015,307.62
19.11.2015,307.68
20.11.2015,307.4
21.11.2015,307.32
22.11.2015,307.32
23.11.2015,307.32
24.11.2015,307.21
25.11.2015,307.13
26.11.2015,307.08
27.11.2015,307.21
28.11.2015,307.2
29.11.2015,307.2
30.11.2015,307.2
01.12.2015,307.4
02.12.2015,307.4
03.12.2015,307.76
04.12.2015,307.93
05.12.2015,307.08
06.12.2015,307.08
07.12.2015,307.08
08.12.2015,307.04
09.12.2015,307.87
10.12.2015,309.12
11.12.2015,310.37
12.12.2015,311.92
13.12.2015,311.92
14.12.2015,311.92
15.12.2015,322.47
16.12.2015,337.8
17.12.2015,337.8
18.12.2015,337.8
19.12.2015,341.94
20.12.2015,341.94
21.12.2015,341.94
22.12.2015,349.12
23.12.2015,336.66
24.12.2015,331.59
25.12.2015,325.8
26.12.2015,326.38
27.12.2015,326.38
28.12.2015,326.38
29.12.2015,331.38
30.12.2015,337.66
31.12.2015,339.47
01.01.2016,340.01
02.01.2016,340.01
03.01.2016,340.01
04.01.2016,340.01
05.01.2016,340.01
06.01.2016,343.11
07.01.2016,344.68
08.01.2016,344.68
09.01.2016,351.85
10.01.2016,351.85
11.01.2016,351.85
12.01.2016,355.52
13.01.2016,362.62
14.01.2016,366.54
15.01.2016,366.16
16.01.2016,362.67
17.01.2016,362.67
18.01.2016,362.67
19.01.2016,372.58
20.01.2016,379.5
21.01.2016,372.03
22.01.2016,383.23
23.01.2016,379.86
24.01.2016,379.86
25.01.2016,379.86
26.01.2016,372.8
27.01.2016,379.81
28.01.2016,375.49
29.01.2016,371.55
30.01.2016,365.23
31.01.2016,365.23
01.02.2016,365.23
02.02.2016,360.45
03.02.2016,369.15
04.02.2016,375.25
05.02.2016,363.34
06.02.2016,363.72
07.02.2016,363.72
08.02.2016,363.72
09.02.2016,359.89
10.02.2016,360.37
11.02.2016,362.23
12.02.2016,360.31
13.02.2016,368.17
14.02.2016,368.17
15.02.2016,368.17
16.02.2016,362.1
17.02.2016,357.71
18.02.2016,359.23
19.02.2016,350.58
20.02.2016,355.45
21.02.2016,355.45
22.02.2016,355.45
23.02.2016,351.77
24.02.2016,348.69
25.02.2016,348.96
26.02.2016,350.25
27.02.2016,349.82
28.02.2016,349.82
29.02.2016,349.82
01.03.2016,348.78
02.03.2016,347.96
03.03.2016,346.56
04.03.2016,345.65
05.03.2016,345.22
06.03.2016,345.02
07.03.2016,345.02
08.03.2016,345.02
09.03.2016,345.02
10.03.2016,344.8
11.03.2016,344.19
12.03.2016,343.92
13.03.2016,343.92
14.03.2016,343.92
15.03.2016,343.32
16.03.2016,343.23
17.03.2016,346.61
18.03.2016,346.05
19.03.2016,345.73
20.03.2016,345.73
21.03.2016,345.73
22.03.2016,345.73
23.03.2016,345.73
24.03.2016,345.73
25.03.2016,346.97
26.03.2016,343.83
27.03.2016,343.83
28.03.2016,343.83
29.03.2016,340.15
30.03.2016,341.51
31.03.2016,343.06
01.04.2016,343.62
02.04.2016,342.49
03.04.2016,342.49
04.04.2016,342.49
05.04.2016,344
06.04.2016,345.52
07.04.2016,344.54
08.04.2016,341.19
09.04.2016,340.31
10.04.2016,340.31
11.04.2016,340.31
12.04.2016,336.87
13.04.2016,335.64
14.04.2016,333.76
15.04.2016,334.7
16.04.2016,334.41
17.04.2016,334.41
18.04.2016,334.41
19.04.2016,340.23
20.04.2016,337.99
21.04.2016,337.14
22.04.2016,332.51
23.04.2016,334.59
24.04.2016,334.59
25.04.2016,334.59
26.04.2016,333.81
27.04.2016,333.26
28.04.2016,331.08
29.04.2016,330.41
30.04.2016,327.66
01.05.2016,327.66
02.05.2016,327.66
03.05.2016,327.66
04.05.2016,329.21
05.05.2016,332.51
06.05.2016,335.71
07.05.2016,334.6
08.05.2016,334.6
09.05.2016,334.6
10.05.2016,334.6
11.05.2016,334.6
12.05.2016,333.23
13.05.2016,329.79
14.05.2016,329.11
15.05.2016,329.11
16.05.2016,329.11
17.05.2016,327.88
18.05.2016,328.07
19.05.2016,329.89
20.05.2016,334.89
21.05.2016,335.01
22.05.2016,335.01
23.05.2016,335.01
24.05.2016,336.37
25.05.2016,336.48
26.05.2016,336.24
27.05.2016,333.09
28.05.2016,335.48
29.05.2016,335.48
30.05.2016,335.48
31.05.2016,336.73
01.06.2016,335.84
02.06.2016,336.86
03.06.2016,337.71
04.06.2016,337.77
05.06.2016,337.77
06.06.2016,337.77
07.06.2016,335.1
08.06.2016,333.88
09.06.2016,331.59
10.06.2016,330.16
11.06.2016,333.97
12.06.2016,333.97
13.06.2016,333.97
14.06.2016,335.81
15.06.2016,337.65
16.06.2016,338.75
17.06.2016,337.96
18.06.2016,338.59
19.06.2016,338.59
20.06.2016,338.59
21.06.2016,335.89
22.06.2016,335.87
23.06.2016,336.73
24.06.2016,336.63
25.06.2016,339.69
26.06.2016,339.69
27.06.2016,339.69
28.06.2016,339.1
29.06.2016,339.12
30.06.2016,338.87
01.07.2016,338.66
02.07.2016,338.04
03.07.2016,338.04
04.07.2016,338.04
05.07.2016,337.39
06.07.2016,337.07
07.07.2016,337.07
08.07.2016,337.26
09.07.2016,338.46
10.07.2016,338.46
11.07.2016,338.46
12.07.2016,337.71
13.07.2016,338.51
14.07.2016,338.35
15.07.2016,338.95
16.07.2016,338.52
17.07.2016,338.52
18.07.2016,338.52
19.07.2016,338.88
20.07.2016,338.72
21.07.2016,339.9
22.07.2016,342.23
23.07.2016,341.51
24.07.2016,341.51
25.07.2016,341.51
26.07.2016,343.88
27.07.2016,350.2
28.07.2016,352.13
29.07.2016,352.75
30.07.2016,352.25
31.07.2016,352.25
01.08.2016,352.25
02.08.2016,352.1
03.08.2016,353.7
04.08.2016,354.01
05.08.2016,352.06
06.08.2016,348.97
07.08.2016,348.97
08.08.2016,348.97
09.08.2016,348.35
10.08.2016,345.89
11.08.2016,346.42
12.08.2016,347.18
13.08.2016,344.46
14.08.2016,344.46
15.08.2016,344.46
16.08.2016,343.39
17.08.2016,343.73
18.08.2016,341.2
19.08.2016,340.09
20.08.2016,338.51
21.08.2016,338.51
22.08.2016,338.51
23.08.2016,338.82
24.08.2016,341
25.08.2016,338.83
26.08.2016,339.5
27.08.2016,338.73
28.08.2016,338.73
29.08.2016,338.73
30.08.2016,338.98
31.08.2016,338.98
01.09.2016,340.1
02.09.2016,341.06
03.09.2016,341.97
04.09.2016,341.97
05.09.2016,341.97
06.09.2016,340.9
07.09.2016,339.8
08.09.2016,337.57
09.09.2016,337.16
10.09.2016,337.41
11.09.2016,337.41
12.09.2016,337.41
13.09.2016,337.41
14.09.2016,337.64
15.09.2016,338.86
16.09.2016,339.5
17.09.2016,339.5
18.09.2016,339.5
19.09.2016,339.5
20.09.2016,339.35
21.09.2016,339.4
22.09.2016,338.96
23.09.2016,337.78
24.09.2016,337.37
25.09.2016,337.37
26.09.2016,337.37
27.09.2016,337.56
28.09.2016,337.16
29.09.2016,336.99
30.09.2016,334.93
01.10.2016,335.46
02.10.2016,335.46
03.10.2016,335.46
04.10.2016,335.09
05.10.2016,333.59
06.10.2016,332.75
07.10.2016,332.69
08.10.2016,331.41
09.10.2016,331.41
10.10.2016,331.41
11.10.2016,332.14
12.10.2016,330.37
13.10.2016,330.71
14.10.2016,331.36
15.10.2016,331.01
16.10.2016,331.01
17.10.2016,331.01
18.10.2016,331.74
19.10.2016,332.12
20.10.2016,332.18
21.10.2016,330.56
22.10.2016,331.4
23.10.2016,331.4
24.10.2016,331.4
25.10.2016,330.24
26.10.2016,330.12
27.10.2016,331.18
28.10.2016,332.6
29.10.2016,333.5
30.10.2016,333.5
31.10.2016,333.5
01.11.2016,335.12
02.11.2016,336
03.11.2016,337.66
04.11.2016,338.35
05.11.2016,338.84
06.11.2016,338.84
07.11.2016,338.84
08.11.2016,339.99
09.11.2016,339.75
10.11.2016,341.18
11.11.2016,338.33
12.11.2016,340.63
13.11.2016,340.63
14.11.2016,340.63
15.11.2016,343.23
16.11.2016,344.56
17.11.2016,340.05
18.11.2016,341.22
19.11.2016,341.07
20.11.2016,341.07
21.11.2016,341.07
22.11.2016,338.99
23.11.2016,335.48
24.11.2016,334.5
25.11.2016,335.69
26.11.2016,337.86
27.11.2016,337.86
28.11.2016,337.86
29.11.2016,340.24
30.11.2016,340.3
01.12.2016,341.44
02.12.2016,341.44
03.12.2016,335.71
04.12.2016,335.71
05.12.2016,335.71
06.12.2016,334.48
07.12.2016,335.61
08.12.2016,336.23
09.12.2016,334.89
10.12.2016,334.31
11.12.2016,334.31
12.12.2016,334.31
13.12.2016,331.12
14.12.2016,330.24
15.12.2016,331.25
16.12.2016,334.88
17.12.2016,334.88
18.12.2016,334.88
19.12.2016,334.88
20.12.2016,334.88
21.12.2016,334.79
22.12.2016,332.9
23.12.2016,332.09
24.12.2016,328.91
25.12.2016,328.91
26.12.2016,328.91
27.12.2016,332.88
28.12.2016,333.34
29.12.2016,332.61
30.12.2016,333.28
31.12.2016,333.29
01.01.2017,333.29
02.01.2017,333.29
03.01.2017,333.29
04.01.2017,333.29
05.01.2017,334.51
06.01.2017,332.56
07.01.2017,330.67
08.01.2017,330.67
09.01.2017,330.67
10.01.2017,330.54
11.01.2017,332.85
12.01.2017,333.96
13.01.2017,331.85
14.01.2017,332.06
15.01.2017,332.06
16.01.2017,332.06
17.01.2017,333.25
18.01.2017,332.68
19.01.2017,330.55
20.01.2017,331.08
21.01.2017,331.87
22.01.2017,331.87
23.01.2017,331.87
24.01.2017,331.42
25.01.2017,328.49
26.01.2017,327.86
27.01.2017,328.28
28.01.2017,328.73
29.01.2017,328.73
30.01.2017,328.73
31.01.2017,326.25
01.02.2017,324.24
02.02.2017,324.36
03.02.2017,325
04.02.2017,322.92
05.02.2017,322.92
06.02.2017,322.92
07.02.2017,321.8
08.02.2017,323.05
09.02.2017,324.62
10.02.2017,323.96
11.02.2017,323.3
12.02.2017,323.3
13.02.2017,323.3
14.02.2017,321.95
15.02.2017,322.49
16.02.2017,320.7
17.02.2017,319.42
18.02.2017,318.61
19.02.2017,318.61
20.02.2017,318.61
21.02.2017,319.19
22.02.2017,317.26
23.02.2017,314.09
24.02.2017,312.65
25.02.2017,311.49
26.02.2017,311.49
27.02.2017,311.49
28.02.2017,312.47
01.03.2017,312.76
02.03.2017,313.79
03.03.2017,315
04.03.2017,317.46
05.03.2017,317.46
06.03.2017,317.46
07.03.2017,316.26
08.03.2017,315.16
09.03.2017,315.16
10.03.2017,316.81
11.03.2017,317.97
12.03.2017,317.97
13.03.2017,317.97
14.03.2017,318.07
15.03.2017,317.96
16.03.2017,319.02
17.03.2017,317.63
18.03.2017,315.05
19.03.2017,315.55
20.03.2017,315.55
21.03.2017,315.55
22.03.2017,315.55
23.03.2017,315.55
24.03.2017,315.55
25.03.2017,316.56
26.03.2017,316.56
27.03.2017,316.56
28.03.2017,315.43
29.03.2017,314.83
30.03.2017,315.15
31.03.2017,314.79
01.04.2017,313.73
02.04.2017,313.73
03.04.2017,313.73
04.04.2017,313.49
05.04.2017,312.69
06.04.2017,312.08
07.04.2017,312.94
08.04.2017,313.02
09.04.2017,313.02
10.04.2017,313.02
11.04.2017,313.21
12.04.2017,311.37
13.04.2017,311.76
14.04.2017,311.71
15.04.2017,310.87
16.04.2017,310.87
17.04.2017,310.87
18.04.2017,310.81
19.04.2017,310.66
20.04.2017,311.46
21.04.2017,312.38
22.04.2017,312.74
23.04.2017,312.74
24.04.2017,312.74
25.04.2017,311.89
26.04.2017,311.58
27.04.2017,312.44
28.04.2017,313.9
29.04.2017,314.4
30.04.2017,314.4
01.05.2017,314.4
02.05.2017,314.4
03.05.2017,315.22
04.05.2017,315.35
05.05.2017,315.68
06.05.2017,318.09
07.05.2017,318.09
08.05.2017,318.09
09.05.2017,318.09
10.05.2017,318.09
11.05.2017,318.43
12.05.2017,316.25
13.05.2017,315.5
14.05.2017,315.5
15.05.2017,315.5
16.05.2017,313.52
17.05.2017,312.04
18.05.2017,313.18
19.05.2017,313.54
20.05.2017,312.55
21.05.2017,312.55
22.05.2017,312.55
23.05.2017,310.7
24.05.2017,310.83
25.05.2017,311.2
26.05.2017,310.57
27.05.2017,311.59
28.05.2017,311.59
29.05.2017,311.59
30.05.2017,310.4
31.05.2017,311.23
01.06.2017,312.26
02.06.2017,312.35
03.06.2017,313.17
04.06.2017,313.17
05.06.2017,313.17
06.06.2017,312.84
07.06.2017,312.99
08.06.2017,312.65
09.06.2017,314.11
10.06.2017,315.18
11.06.2017,315.18
12.06.2017,315.18
13.06.2017,316.39
14.06.2017,315.96
15.06.2017,316.27
16.06.2017,317.65
17.06.2017,319.7
18.06.2017,319.7
19.06.2017,319.7
20.06.2017,319.56
21.06.2017,321.72
22.06.2017,326.28
23.06.2017,327.63
24.06.2017,326.88
25.06.2017,326.88
26.06.2017,326.88
27.06.2017,325
28.06.2017,322.01
29.06.2017,323.13
30.06.2017,321.46
01.07.2017,322.27
02.07.2017,320
03.07.2017,320
04.07.2017,320.44
05.07.2017,322.37
06.07.2017,323.94
07.07.2017,323.94
08.07.2017,323.94
09.07.2017,323.94
10.07.2017,323.94
11.07.2017,326.44
12.07.2017,327.2
13.07.2017,328.52
14.07.2017,327.56
15.07.2017,326.72
16.07.2017,326.72
17.07.2017,326.72
18.07.2017,325.62
19.07.2017,325.91
20.07.2017,326.02
21.07.2017,325.56
22.07.2017,324.98
23.07.2017,324.98
24.07.2017,324.98
25.07.2017,326.7
26.07.2017,326.97
27.07.2017,326.66
28.07.2017,325.58
29.07.2017,326.74
30.07.2017,326.74
31.07.2017,326.74
01.08.2017,328.07
02.08.2017,330.07
03.08.2017,335.21
04.08.2017,335.71
05.08.2017,333.36
06.08.2017,333.36
07.08.2017,333.36
08.08.2017,331.67
09.08.2017,332.19
10.08.2017,332.39
11.08.2017,332.69
12.08.2017,333.17
13.08.2017,333.17
14.08.2017,333.17
15.08.2017,332.42
16.08.2017,332.91
17.08.2017,332.7
18.08.2017,332.68
19.08.2017,332.8
20.08.2017,332.8
21.08.2017,332.8
22.08.2017,332.58
23.08.2017,333.08
24.08.2017,333.32
25.08.2017,331.22
26.08.2017,332.85
27.08.2017,332.85
28.08.2017,332.85
29.08.2017,333.44
30.08.2017,334.7
31.08.2017,334.7
01.09.2017,337.04
02.09.2017,337.04
03.09.2017,337.04
04.09.2017,337.04
05.09.2017,338.22
06.09.2017,340.58
07.09.2017,341.22
08.09.2017,336.66
09.09.2017,334.29
10.09.2017,334.29
11.09.2017,334.29
12.09.2017,336.49
13.09.2017,338.67
14.09.2017,340
15.09.2017,338.08
16.09.2017,338.9
17.09.2017,338.9
18.09.2017,338.9
19.09.2017,340.02
20.09.2017,340.95
21.09.2017,341.61
22.09.2017,340.35
23.09.2017,340.11
24.09.2017,340.11
25.09.2017,340.11
26.09.2017,341.27
27.09.2017,339.68
28.09.2017,339.91
29.09.2017,340.43
30.09.2017,341.19
01.10.2017,341.19
02.10.2017,341.19
03.10.2017,341.24
04.10.2017,342.36
05.10.2017,343.61
06.10.2017,345
07.10.2017,343.66
08.10.2017,343.66
09.10.2017,343.66
10.10.2017,341.97
11.10.2017,337.48
12.10.2017,335.54
13.10.2017,334.25
14.10.2017,334.21
15.10.2017,334.21
16.10.2017,334.21
17.10.2017,333.03
18.10.2017,333.53
19.10.2017,333.57
20.10.2017,334.11
21.10.2017,335.24
22.10.2017,335.24
23.10.2017,335.24
24.10.2017,336.05
25.10.2017,334.94
26.10.2017,332.94
27.10.2017,333.87
28.10.2017,334.4
29.10.2017,334.4
30.10.2017,334.4
31.10.2017,334
01.11.2017,334.71
02.11.2017,335.14
03.11.2017,335.15
04.11.2017,334.1
05.11.2017,334.1
06.11.2017,334.1
07.11.2017,334.52
08.11.2017,332.9
09.11.2017,333.76
10.11.2017,332.99
11.11.2017,332.57
12.11.2017,332.57
13.11.2017,332.57
14.11.2017,332.74
15.11.2017,332.86
16.11.2017,332.72
17.11.2017,332.38
18.11.2017,332.21
19.11.2017,332.21
20.11.2017,332.21
21.11.2017,331
22.11.2017,330.29
23.11.2017,330.22
24.11.2017,330
25.11.2017,330.39
26.11.2017,330.39
27.11.2017,330.39
28.11.2017,330.65
29.11.2017,331.5
30.11.2017,331.61
01.12.2017,331.22
02.12.2017,331.22
03.12.2017,331.22
04.12.2017,331.22
05.12.2017,332.75
06.12.2017,332.99
07.12.2017,333.43
08.12.2017,334.85
09.12.2017,334.32
10.12.2017,334.32
11.12.2017,334.32
12.12.2017,335.05
13.12.2017,334.85
14.12.2017,335.38
15.12.2017,334.92
16.12.2017,335.33
17.12.2017,335.33
18.12.2017,335.33
19.12.2017,335.33
20.12.2017,335.33
21.12.2017,335.68
22.12.2017,334.13
23.12.2017,332.68
24.12.2017,332.68
25.12.2017,332.68
26.12.2017,333.32
27.12.2017,332.36
28.12.2017,331.38
29.12.2017,331.31
30.12.2017,332.33
31.12.2017,332.33
01.01.2018,332.33
02.01.2018,332.33
03.01.2018,332.33
04.01.2018,333.29
05.01.2018,332.42
06.01.2018,330.13
07.01.2018,330.13
08.01.2018,330.13
09.01.2018,330.43
10.01.2018,330.26
11.01.2018,330.16
12.01.2018,330.61
13.01.2018,329.67
14.01.2018,329.67
15.01.2018,329.67
16.01.2018,329.41
17.01.2018,327.89
18.01.2018,327.1
19.01.2018,325.2
20.01.2018,324.27
21.01.2018,324.27
22.01.2018,324.27
23.01.2018,324.65
24.01.2018,323.2
25.01.2018,321.07
26.01.2018,319.83
27.01.2018,320.66
28.01.2018,320.66
29.01.2018,320.66
30.01.2018,322.25
31.01.2018,322.43
01.02.2018,322.9
02.02.2018,322.73
03.02.2018,321.62
04.02.2018,321.62
05.02.2018,321.62
06.02.2018,322.33
07.02.2018,324.06
08.02.2018,323.84
09.02.2018,325.35
10.02.2018,327.32
11.02.2018,327.32
12.02.2018,327.32
13.02.2018,326.7
14.02.2018,324.21
15.02.2018,322.55
16.02.2018,320.42
17.02.2018,319.42
18.02.2018,319.42
19.02.2018,319.42
20.02.2018,319.32
21.02.2018,318.99
22.02.2018,319.88
23.02.2018,319.68
24.02.2018,319.65
25.02.2018,319.65
26.02.2018,319.65
27.02.2018,318.91
28.02.2018,318.68
01.03.2018,320.3
02.03.2018,321.34
03.03.2018,322.39
04.03.2018,322.2
05.03.2018,322.2
06.03.2018,321.26
07.03.2018,319.45
08.03.2018,320.19
09.03.2018,320.19
10.03.2018,320.19
11.03.2018,320.19
12.03.2018,320.19
13.03.2018,320.55
14.03.2018,321.6
15.03.2018,321.98
16.03.2018,321.78
17.03.2018,322.72
18.03.2018,322.72
19.03.2018,322.72
20.03.2018,320.6
21.03.2018,320.34
22.03.2018,320.34
23.03.2018,320.34
24.03.2018,320.34
25.03.2018,320.34
26.03.2018,320.34
27.03.2018,319.26
28.03.2018,318.9
29.03.2018,319.33
30.03.2018,319.02
31.03.2018,318.31
01.04.2018,318.31
02.04.2018,318.31
03.04.2018,319.24
04.04.2018,320.37
05.04.2018,319.88
06.04.2018,319.68
07.04.2018,319.66
08.04.2018,319.66
09.04.2018,319.66
10.04.2018,320.29
11.04.2018,325.37
12.04.2018,330.88
13.04.2018,329.61
14.04.2018,327.29
15.04.2018,327.29
16.04.2018,327.29
17.04.2018,330.02
18.04.2018,328.12
19.04.2018,327.87
20.04.2018,325.79
21.04.2018,326.17
22.04.2018,326.17
23.04.2018,326.17
24.04.2018,326.52
25.04.2018,325.8
26.04.2018,326.28
27.04.2018,327.92
28.04.2018,327.72
29.04.2018,327.25
30.04.2018,327.25
01.05.2018,327.25
02.05.2018,327.25
03.05.2018,329.99
04.05.2018,330.72
05.05.2018,328.99
06.05.2018,328.85
07.05.2018,328.85
08.05.2018,328.85
09.05.2018,328.85
10.05.2018,328.85
11.05.2018,327.63
12.05.2018,326.4
13.05.2018,326.4
14.05.2018,326.4
15.05.2018,327.85
16.05.2018,327.77
17.05.2018,329.16
18.05.2018,327.11
19.05.2018,328.31
20.05.2018,328.31
21.05.2018,328.31
22.05.2018,328.95
23.05.2018,327.11
24.05.2018,326
25.05.2018,325.75
26.05.2018,327.42
27.05.2018,327.42
28.05.2018,327.42
29.05.2018,329.81
30.05.2018,329.38
31.05.2018,330.67
01.06.2018,329.35
02.06.2018,330.78
03.06.2018,330.78
04.06.2018,330.78
05.06.2018,330.73
06.06.2018,330.91
07.06.2018,331.83
08.06.2018,333.08
09.06.2018,334.02
10.06.2018,334.02
11.06.2018,334.02
12.06.2018,333.8
13.06.2018,334.5
14.06.2018,335.67
15.06.2018,335.99
16.06.2018,336.39
17.06.2018,336.39
18.06.2018,336.39
19.06.2018,338.78
20.06.2018,339.95
21.06.2018,341.08
22.06.2018,341.18
23.06.2018,340.27
24.06.2018,340.27
25.06.2018,340.27
26.06.2018,339.5
27.06.2018,338.84
28.06.2018,340.44
29.06.2018,341.31
30.06.2018,341.08
01.07.2018,341.08
02.07.2018,341.08
03.07.2018,341.62
04.07.2018,343
05.07.2018,343.07
06.07.2018,343.38
07.07.2018,343.38
08.07.2018,343.38
09.07.2018,343.38
10.07.2018,343.48
11.07.2018,343.25
12.07.2018,343.11
13.07.2018,344.37
14.07.2018,343.45
15.07.2018,343.45
16.07.2018,343.45
17.07.2018,342.49
18.07.2018,343.06
19.07.2018,344.58
20.07.2018,345.55
21.07.2018,346.68
22.07.2018,346.68
23.07.2018,346.68
24.07.2018,345.68
25.07.2018,344.64
26.07.2018,346.31
27.07.2018,345.91
28.07.2018,346.15
29.07.2018,346.15
30.07.2018,346.15
31.07.2018,347.06
01.08.2018,346.7
02.08.2018,348.21
03.08.2018,349.68
04.08.2018,349.76
05.08.2018,349.76
06.08.2018,349.76
07.08.2018,348.8
08.08.2018,348.82
09.08.2018,348.59
10.08.2018,354.06
11.08.2018,356.8
12.08.2018,356.8
13.08.2018,356.8
14.08.2018,363.22
15.08.2018,363.28
16.08.2018,361.66
17.08.2018,360.87
18.08.2018,360.12
19.08.2018,360.12
20.08.2018,360.12
21.08.2018,360.71
22.08.2018,360.71
23.08.2018,361.66
24.08.2018,361.63
25.08.2018,360.55
26.08.2018,359.64
27.08.2018,359.64
28.08.2018,361.19
29.08.2018,361.31
30.08.2018,363.43
31.08.2018,363.43
01.09.2018,363.43
02.09.2018,363.43
03.09.2018,363.43
04.09.2018,365.23
05.09.2018,367.52
06.09.2018,369.89
07.09.2018,372.23
08.09.2018,375.62
09.09.2018,375.62
10.09.2018,375.62
11.09.2018,378.11
12.09.2018,380.93
13.09.2018,377.74
14.09.2018,375.31
15.09.2018,373.65
16.09.2018,373.65
17.09.2018,373.65
18.09.2018,371.86
19.09.2018,369.36
20.09.2018,361.94
21.09.2018,359
22.09.2018,352.54
23.09.2018,352.54
24.09.2018,352.54
25.09.2018,354.12
26.09.2018,356.54
27.09.2018,359.76
28.09.2018,361.82
29.09.2018,363.07
30.09.2018,363.07
01.10.2018,363.07
02.10.2018,364.35
03.10.2018,360.65
04.10.2018,364.2
05.10.2018,367.2
06.10.2018,373.71
07.10.2018,373.71
08.10.2018,373.71
09.10.2018,372.27
10.10.2018,372.17
11.10.2018,368.7
12.10.2018,372
13.10.2018,370.03
14.10.2018,370.03
15.10.2018,370.03
16.10.2018,369.98
17.10.2018,366.86
18.10.2018,363.26
19.10.2018,364.35
20.10.2018,366.43
21.10.2018,366.43
22.10.2018,366.43
23.10.2018,365.49
24.10.2018,361.15
25.10.2018,365.82
26.10.2018,367.49
27.10.2018,368.54
28.10.2018,368.54
29.10.2018,368.54
30.10.2018,368.56
31.10.2018,368.55
01.11.2018,368.95
02.11.2018,370.44
03.11.2018,371.31
04.11.2018,371.31
05.11.2018,371.31
06.11.2018,371.88
07.11.2018,370.85
08.11.2018,371.19
09.11.2018,371.08
10.11.2018,372.65
11.11.2018,372.65
12.11.2018,372.65
13.11.2018,374.47
14.11.2018,374.2
15.11.2018,375.9
16.11.2018,369.01
17.11.2018,367.06
18.11.2018,367.06
19.11.2018,367.06
20.11.2018,367.3
21.11.2018,364.95
22.11.2018,368.28
23.11.2018,367.27
24.11.2018,366.05
25.11.2018,366.05
26.11.2018,366.05
27.11.2018,371.03
28.11.2018,372.83
29.11.2018,372.73
30.11.2018,371.28
01.12.2018,371.56
02.12.2018,371.56
03.12.2018,371.56
04.12.2018,371.56
05.12.2018,371.14
06.12.2018,371.8
07.12.2018,369.98
08.12.2018,370.49
09.12.2018,370.49
10.12.2018,370.49
11.12.2018,369.35
12.12.2018,370.55
13.12.2018,370.11
14.12.2018,370.04
15.12.2018,371.31
16.12.2018,371.31
17.12.2018,371.31
18.12.2018,371.31
19.12.2018,371.31
20.12.2018,372.49
21.12.2018,370.76
22.12.2018,371.35
23.12.2018,371.35
24.12.2018,371.35
25.12.2018,371.68
26.12.2018,371.08
27.12.2018,373.56
28.12.2018,375.15
29.12.2018,380.44
30.12.2018,384.2
31.12.2018,384.2
01.01.2019,384.2
02.01.2019,384.2
03.01.2019,384.2
04.01.2019,381.38
05.01.2019,378.12
06.01.2019,378.12
07.01.2019,378.12
08.01.2019,378.12
09.01.2019,373.66
10.01.2019,374.82
11.01.2019,374.63
12.01.2019,376.06
13.01.2019,376.06
14.01.2019,376.06
15.01.2019,378.29
16.01.2019,377.85
17.01.2019,377.95
18.01.2019,376.6
19.01.2019,378.66
20.01.2019,378.66
21.01.2019,378.66
22.01.2019,378.78
23.01.2019,378.14
24.01.2019,378.54
25.01.2019,377.73
26.01.2019,377.46
27.01.2019,377.46
28.01.2019,377.46
29.01.2019,378.6
30.01.2019,380.66
31.01.2019,380.51
01.02.2019,380.06
02.02.2019,382.74
03.02.2019,382.74
04.02.2019,382.74
05.02.2019,382.23
06.02.2019,379.63
07.02.2019,376.59
08.02.2019,377.97
09.02.2019,378.73
10.02.2019,378.73
11.02.2019,378.73
12.02.2019,375.53
13.02.2019,374.81
14.02.2019,373.56
15.02.2019,376.37
16.02.2019,377.62
17.02.2019,377.62
18.02.2019,377.62
19.02.2019,376.26
20.02.2019,376.3
21.02.2019,376.09
22.02.2019,375.95
23.02.2019,376.73
24.02.2019,376.73
25.02.2019,376.73
26.02.2019,376.17
27.02.2019,378.04
28.02.2019,377.26
01.03.2019,374.96
02.03.2019,375.9
03.03.2019,375.9
04.03.2019,375.9
05.03.2019,376.65
06.03.2019,377.37
07.03.2019,377.95
08.03.2019,379.42
09.03.2019,379.42
10.03.2019,379.42
11.03.2019,379.42
12.03.2019,379.48
13.03.2019,377.99
14.03.2019,377.74
15.03.2019,377.36
16.03.2019,378.51
17.03.2019,378.51
18.03.2019,378.51
19.03.2019,375.9
20.03.2019,376.4
21.03.2019,378.17
22.03.2019,378.17
23.03.2019,378.17
24.03.2019,378.17
25.03.2019,378.17
26.03.2019,378.17
27.03.2019,377.65
28.03.2019,378.36
29.03.2019,380.06
30.03.2019,380.04
31.03.2019,380.04
01.04.2019,380.04
02.04.2019,379.95
03.04.2019,379.66
04.04.2019,379.16
05.04.2019,378.29
06.04.2019,379.84
07.04.2019,379.84
08.04.2019,379.84
09.04.2019,380.55
10.04.2019,379.77
11.04.2019,379.33
12.04.2019,377.96
13.04.2019,379.59
14.04.2019,379.59
15.04.2019,379.59
16.04.2019,379.56
17.04.2019,379.96
18.04.2019,379.36
19.04.2019,379.19
20.04.2019,379.29
21.04.2019,379.29
22.04.2019,379.29
23.04.2019,377.11
24.04.2019,377.33
25.04.2019,378.56
26.04.2019,379.86
27.04.2019,380.89
28.04.2019,380.89
29.04.2019,380.89
30.04.2019,381.94
01.05.2019,381.08
02.05.2019,381.08
03.05.2019,380.89
04.05.2019,381.97
05.05.2019,380.5
06.05.2019,380.5
07.05.2019,380.58
08.05.2019,380.58
09.05.2019,380.53
10.05.2019,380.53
11.05.2019,380.53
12.05.2019,380.53
13.05.2019,380.53
14.05.2019,379.43
15.05.2019,379.7
16.05.2019,379.65
17.05.2019,378.94
18.05.2019,378.93
19.05.2019,378.93
20.05.2019,378.93
21.05.2019,378.9
22.05.2019,378.87
23.05.2019,379.01
24.05.2019,378.01
25.05.2019,379.36
26.05.2019,379.36
27.05.2019,379.36
28.05.2019,379.86
29.05.2019,380.3
30.05.2019,381.69
31.05.2019,381.37
01.06.2019,382.56
02.06.2019,382.56
03.06.2019,382.56
04.06.2019,383.94
05.06.2019,384.21
06.06.2019,384.2
07.06.2019,384.53
08.06.2019,383.34
09.06.2019,383.34
10.06.2019,383.34
11.06.2019,383.04
12.06.2019,383.75
13.06.2019,384.13
14.06.2019,384.51
15.06.2019,384.05
16.06.2019,384.05
17.06.2019,384.05
18.06.2019,383.43
19.06.2019,383.69
20.06.2019,382.38
21.06.2019,380.56
22.06.2019,377.18
23.06.2019,377.18
24.06.2019,377.18
25.06.2019,378.38
26.06.2019,378.83
27.06.2019,378.65
28.06.2019,379.85
29.06.2019,380.53
30.06.2019,380.53
01.07.2019,380.53
02.07.2019,380.67
03.07.2019,381.95
04.07.2019,383.99
05.07.2019,383.04
06.07.2019,383.53
07.07.2019,383.53
08.07.2019,383.53
09.07.2019,383.53
10.07.2019,384.23
11.07.2019,384.36
12.07.2019,383.1
13.07.2019,383.29
14.07.2019,383.29
15.07.2019,383.29
16.07.2019,383.43
17.07.2019,383.01
18.07.2019,383.98
19.07.2019,384.39
20.07.2019,384.87
21.07.2019,384.87
22.07.2019,384.87
23.07.2019,384.52
24.07.2019,384.06
25.07.2019,384.2
26.07.2019,384.8
27.07.2019,384.92
28.07.2019,384.92
29.07.2019,384.92
30.07.2019,385.1
31.07.2019,384.56
01.08.2019,384.2
02.08.2019,384.99
03.08.2019,385.76
04.08.2019,385.76
05.08.2019,385.76
06.08.2019,386.47
07.08.2019,386.94
08.08.2019,387.45
09.08.2019,387.73
10.08.2019,387.47
11.08.2019,387.47
12.08.2019,387.47
13.08.2019,387.43
14.08.2019,387.49
15.08.2019,386.16
16.08.2019,387.05
17.08.2019,386.82
18.08.2019,386.82
19.08.2019,386.82
20.08.2019,386.8
21.08.2019,386.91
22.08.2019,386.05
23.08.2019,386.04
24.08.2019,386.34
25.08.2019,386.34
26.08.2019,386.34
27.08.2019,386.91
28.08.2019,387.5
29.08.2019,387.55
30.08.2019,387.46
31.08.2019,387.46
01.09.2019,387.46
02.09.2019,387.46
03.09.2019,388.07
04.09.2019,388.28
05.09.2019,388.18
06.09.2019,387.73
07.09.2019,387.82
08.09.2019,387.82
09.09.2019,387.82
10.09.2019,386.51
11.09.2019,385.89
12.09.2019,386.34
13.09.2019,387.15
14.09.2019,386.71
15.09.2019,386.71
16.09.2019,386.71
17.09.2019,385.16
18.09.2019,385.42
19.09.2019,386.77
20.09.2019,387.34
21.09.2019,386.7
22.09.2019,386.7
23.09.2019,386.7
24.09.2019,385.96
25.09.2019,386.44
26.09.2019,387.62
27.09.2019,387.53
28.09.2019,387.63
29.09.2019,387.63
30.09.2019,387.63
01.10.2019,387.99
02.10.2019,388.47
03.10.2019,388.87
04.10.2019,389.23
05.10.2019,388.89
06.10.2019,388.89
07.10.2019,388.89
08.10.2019,389
09.10.2019,389.38
10.10.2019,390.09
11.10.2019,390.13
12.10.2019,389.52
13.10.2019,389.52
14.10.2019,389.52
15.10.2019,389.62
16.10.2019,389.59
17.10.2019,389.81
18.10.2019,389.94
19.10.2019,389.98
20.10.2019,389.98
21.10.2019,389.98
22.10.2019,389.86
23.10.2019,389.75
24.10.2019,388.96
25.10.2019,388.93
26.10.2019,388.92
27.10.2019,388.92
28.10.2019,388.92
29.10.2019,387.98
30.10.2019,387.92
31.10.2019,388.54
01.11.2019,388.67
02.11.2019,389.46
03.11.2019,389.46
04.11.2019,389.46
05.11.2019,388.19
06.11.2019,388.39
07.11.2019,388.86
08.11.2019,389.04
09.11.2019,388.29
10.11.2019,388.29
11.11.2019,388.29
12.11.2019,388.7
13.11.2019,388.81
14.11.2019,389.34
15.11.2019,388.49
16.11.2019,388.07
17.11.2019,388.07
18.11.2019,388.07
19.11.2019,387.14
20.11.2019,387.16
21.11.2019,387.37
22.11.2019,386.44
23.11.2019,385.01
24.11.2019,385.01
25.11.2019,385.01
26.11.2019,386.21
27.11.2019,386.49
28.11.2019,386.19
29.11.2019,386.31
30.11.2019,386.35
01.12.2019,386.35
02.12.2019,386.35
03.12.2019,386.35
04.12.2019,387.07
05.12.2019,387.48
06.12.2019,385.76
07.12.2019,384.97
08.12.2019,384.97
09.12.2019,384.97
10.12.2019,385.55
11.12.2019,386.19
12.12.2019,386.3
13.12.2019,384.63
14.12.2019,383.95
15.12.2019,383.95
16.12.2019,383.95
17.12.2019,383.95
18.12.2019,383.95
19.12.2019,384.4
20.12.2019,384.46
21.12.2019,382.99
22.12.2019,382.99
23.12.2019,382.99
24.12.2019,382.65
25.12.2019,381.56
26.12.2019,378.6
27.12.2019,378.79
28.12.2019,380.44
29.12.2019,380.44
30.12.2019,380.44
31.12.2019,381.18
01.01.2020,382.59
02.01.2020,382.59
03.01.2020,382.59
04.01.2020,382.59
05.01.2020,382.59
06.01.2020,382.14
07.01.2020,381.2
08.01.2020,381.2
09.01.2020,378.21
10.01.2020,376.5
11.01.2020,377.46
12.01.2020,377.46
13.01.2020,377.46
14.01.2020,378.06
15.01.2020,379.34
16.01.2020,379.7
17.01.2020,377.75
18.01.2020,376.51
19.01.2020,376.51
20.01.2020,376.51
21.01.2020,375.91
22.01.2020,376.42
23.01.2020,377.29
24.01.2020,377.86
25.01.2020,378.6
26.01.2020,378.6
27.01.2020,378.6
28.01.2020,380.19
29.01.2020,380.84
30.01.2020,378.86
31.01.2020,378.8
01.02.2020,379.02
02.02.2020,379.02
03.02.2020,379.02
04.02.2020,380.65
05.02.2020,379.53
06.02.2020,378.49
07.02.2020,377.56
08.02.2020,378.31
09.02.2020,378.31
10.02.2020,378.31
11.02.2020,379.04
12.02.2020,378.19
13.02.2020,376.2
14.02.2020,376.4
15.02.2020,377.19
16.02.2020,377.19
17.02.2020,377.19
18.02.2020,376.77
19.02.2020,376.84
20.02.2020,377.09
21.02.2020,376.16
22.02.2020,375.87
23.02.2020,375.87
24.02.2020,375.87
25.02.2020,376.43
26.02.2020,376.72
27.02.2020,378.36
28.02.2020,379.75
29.02.2020,381.1
01.03.2020,381.1
02.03.2020,381.1
03.03.2020,381.23
04.03.2020,380.26
05.03.2020,379.45
06.03.2020,380.53
07.03.2020,382.05
08.03.2020,382.05
09.03.2020,382.05
10.03.2020,382.05
11.03.2020,393.6
12.03.2020,394.6
13.03.2020,399.24
14.03.2020,405.46
15.03.2020,405.46
16.03.2020,405.46
17.03.2020,434.59
18.03.2020,435.85
19.03.2020,439.32
20.03.2020,448.5
21.03.2020,444.8
22.03.2020,444.8
23.03.2020,444.8
24.03.2020,444.8
25.03.2020,444.8
26.03.2020,444.8
27.03.2020,446.06
28.03.2020,445.84
29.03.2020,445.84
30.03.2020,445.84
31.03.2020,448.01
01.04.2020,447.67
02.04.2020,448.52
03.04.2020,447.6
04.04.2020,443.5
05.04.2020,443.5
06.04.2020,443.5
07.04.2020,439.01
08.04.2020,437.2
09.04.2020,435.54
10.04.2020,432.55
11.04.2020,431.03
12.04.2020,431.03
13.04.2020,431.03
14.04.2020,427.25
15.04.2020,425.58
16.04.2020,425.51
17.04.2020,427.57
18.04.2020,426.44
19.04.2020,426.44
20.04.2020,426.44
21.04.2020,427.48
22.04.2020,430.5
23.04.2020,435.82
24.04.2020,432.24
25.04.2020,430.99
26.04.2020,430.99
27.04.2020,430.99
28.04.2020,430.78
29.04.2020,431.16
30.04.2020,429.41
01.05.2020,424.57
02.05.2020,424.57
03.05.2020,424.57
04.05.2020,424.57
05.05.2020,425.41
06.05.2020,423.73
07.05.2020,420.92
08.05.2020,420.92
09.05.2020,420.92
10.05.2020,420.92
11.05.2020,420.92
12.05.2020,420.23
13.05.2020,420.16
14.05.2020,421.16
15.05.2020,422.4
16.05.2020,420.12
17.05.2020,420.12
18.05.2020,420.12
19.05.2020,417.23
20.05.2020,415.11
21.05.2020,415.25
22.05.2020,413.03
23.05.2020,414.46
24.05.2020,414.46
25.05.2020,414.46
26.05.2020,414.13
27.05.2020,413.12
28.05.2020,412.1
29.05.2020,412.55
30.05.2020,411.54
31.05.2020,411.54
01.06.2020,411.54
02.06.2020,408.61
03.06.2020,402.37
04.06.2020,397.56
05.06.2020,399.51
06.06.2020,399.67
07.06.2020,399.67
08.06.2020,399.67
09.06.2020,397.31
10.06.2020,398.59
11.06.2020,399.32
12.06.2020,399.47
13.06.2020,403.38
14.06.2020,403.38
15.06.2020,403.38
16.06.2020,405.08
17.06.2020,403.68
18.06.2020,404.21
19.06.2020,404.79
20.06.2020,403.79
21.06.2020,403.79
22.06.2020,403.79
23.06.2020,402.72
24.06.2020,401.26
25.06.2020,401.51
26.06.2020,403.58
27.06.2020,401.87
28.06.2020,401.87
29.06.2020,401.87
30.06.2020,403.83
01.07.2020,403.93
02.07.2020,405.66
03.07.2020,405.77
04.07.2020,405.69
05.07.2020,405.69
06.07.2020,405.69
07.07.2020,405.69
08.07.2020,409.19
09.07.2020,409.98
10.07.2020,410.7
11.07.2020,412.55
12.07.2020,412.55
13.07.2020,412.55
14.07.2020,411.66
15.07.2020,412.55
16.07.2020,412.24
17.07.2020,412.4
18.07.2020,413.45
19.07.2020,413.45
20.07.2020,413.45
21.07.2020,414.8
22.07.2020,413.7
23.07.2020,412.18
24.07.2020,412.54
25.07.2020,414.09
26.07.2020,414.09
27.07.2020,414.09
28.07.2020,414.2
29.07.2020,414.54
30.07.2020,416.49
31.07.2020,418
01.08.2020,418
02.08.2020,418
03.08.2020,418
04.08.2020,420.07
05.08.2020,418.52
06.08.2020,418.35
07.08.2020,417.87
08.08.2020,418.17
09.08.2020,418.17
10.08.2020,418.17
11.08.2020,418.31
12.08.2020,417.99
13.08.2020,418.9
14.08.2020,418.72
15.08.2020,419.02
16.08.2020,419.02
17.08.2020,419.02
18.08.2020,418.12
19.08.2020,418.12
20.08.2020,418.06
21.08.2020,418.37
22.08.2020,418.62
23.08.2020,418.62
24.08.2020,418.62
25.08.2020,419.48
26.08.2020,418.09
27.08.2020,418.64
28.08.2020,419.5
29.08.2020,420.11
30.08.2020,420.11
31.08.2020,420.11
01.09.2020,420.11
02.09.2020,419.24
03.09.2020,418.29
04.09.2020,420.43
05.09.2020,420.76
06.09.2020,420.76
07.09.2020,420.76
08.09.2020,422.99
09.09.2020,423.54
10.09.2020,426.36
11.09.2020,425.67
12.09.2020,426.29
13.09.2020,426.29
14.09.2020,426.29
15.09.2020,426.29
16.09.2020,426.46
17.09.2020,424.65
18.09.2020,422.9
19.09.2020,420.76
20.09.2020,420.76
21.09.2020,420.76
22.09.2020,421.58
23.09.2020,423.41
24.09.2020,424.85
25.09.2020,426.19
26.09.2020,426.32
27.09.2020,426.32
28.09.2020,426.32
29.09.2020,428.35
30.09.2020,429.51
01.10.2020,431.82
02.10.2020,429.37
03.10.2020,431.12
04.10.2020,431.12
05.10.2020,431.12
06.10.2020,430.8
07.10.2020,429.46
08.10.2020,428.88
09.10.2020,428.31
10.10.2020,427.29
11.10.2020,427.29
12.10.2020,427.29
13.10.2020,427.82
14.10.2020,428.93
15.10.2020,428.87
16.10.2020,427.63
17.10.2020,428.05
18.10.2020,428.05
19.10.2020,428.05
20.10.2020,427.88
21.10.2020,428.68
22.10.2020,427.93
23.10.2020,428.68
24.10.2020,427.91
25.10.2020,427.91
26.10.2020,427.91
27.10.2020,429.59
28.10.2020,429.75
29.10.2020,430.51
30.10.2020,432.23
31.10.2020,432.64
01.11.2020,432.64
02.11.2020,432.64
03.11.2020,434.58
04.11.2020,433.3
05.11.2020,432.12
06.11.2020,432.15
07.11.2020,432.43
08.11.2020,432.43
09.11.2020,432.43
10.11.2020,431.1
11.11.2020,429.01
12.11.2020,427.26
13.11.2020,428.99
14.11.2020,430.52
15.11.2020,430.52
16.11.2020,430.52
17.11.2020,429.44
18.11.2020,428.13
19.11.2020,428.76
20.11.2020,427.98
21.11.2020,428.07
22.11.2020,428.07
23.11.2020,428.07
24.11.2020,425.59
25.11.2020,424.49
26.11.2020,422.87
27.11.2020,422.4
28.11.2020,423.87
29.11.2020,423.87
30.11.2020,423.87
01.12.2020,425.05
02.12.2020,425.05
03.12.2020,425.49
04.12.2020,422.87
05.12.2020,420.79
06.12.2020,420.79
07.12.2020,420.79
08.12.2020,421.51
09.12.2020,421.24
10.12.2020,419.91
11.12.2020,420.16
12.12.2020,419.09
13.12.2020,419.09
14.12.2020,419.09
15.12.2020,418.63
16.12.2020,420.01
17.12.2020,420.01
18.12.2020,420.01
19.12.2020,420.01
20.12.2020,420.01
21.12.2020,417.42
22.12.2020,419.62
23.12.2020,419.74
24.12.2020,421.43
25.12.2020,419.89
26.12.2020,419.5
27.12.2020,419.5
28.12.2020,419.5
29.12.2020,419.87
30.12.2020,420.48
31.12.2020,420.71
01.01.2021,420.91
02.01.2021,420.91
03.01.2021,420.91
04.01.2021,420.91
05.01.2021,420.91
06.01.2021,420.78
07.01.2021,418.94
08.01.2021,418.94
09.01.2021,418.96
10.01.2021,418.96
11.01.2021,418.96
12.01.2021,419.13
13.01.2021,420.3
14.01.2021,419.15
15.01.2021,419.96
16.01.2021,419.54
17.01.2021,419.54
18.01.2021,419.54
19.01.2021,420.29
20.01.2021,420.32
21.01.2021,418.67
22.01.2021,418.41
23.01.2021,419.69
24.01.2021,419.69
25.01.2021,419.69
26.01.2021,420.67
27.01.2021,421.91
28.01.2021,421.98
29.01.2021,423.42
30.01.2021,424.22
31.01.2021,424.22
01.02.2021,424.22
02.02.2021,424.16
03.02.2021,423.74
04.02.2021,423.59
05.02.2021,421.99
06.02.2021,420.49
07.02.2021,420.49
08.02.2021,420.49
09.02.2021,418.82
10.02.2021,417.76
11.02.2021,417.84
12.02.2021,417.6
13.02.2021,418.86
14.02.2021,418.86
15.02.2021,418.86
16.02.2021,416.87
17.02.2021,416.62
18.02.2021,416.8
19.02.2021,415.96
20.02.2021,417.97
21.02.2021,417.97
22.02.2021,417.97
23.02.2021,416.51
24.02.2021,414.94
25.02.2021,415.57
26.02.2021,414.77
27.02.2021,417.02
28.02.2021,417.02
01.03.2021,417.02
02.03.2021,417.9
03.03.2021,420.65
04.03.2021,419.87
05.03.2021,419.45
06.03.2021,419.66
07.03.2021,419.66
08.03.2021,419.66
09.03.2021,419.66
10.03.2021,419.78
11.03.2021,420.64
12.03.2021,419.1
13.03.2021,418.64
14.03.2021,418.64
15.03.2021,418.64
16.03.2021,418.82
17.03.2021,418.94
18.03.2021,418.44
19.03.2021,419.17
20.03.2021,421.29
21.03.2021,421.29
22.03.2021,421.29
23.03.2021,421.29
24.03.2021,421.29
25.03.2021,421.29
26.03.2021,423.36
27.03.2021,424.28
28.03.2021,424.28
29.03.2021,424.28
30.03.2021,423.65
31.03.2021,424.34
01.04.2021,424.89
02.04.2021,426.91
03.04.2021,426.84
04.04.2021,426.84
05.04.2021,426.84
06.04.2021,427.39
07.04.2021,429.1
08.04.2021,430.77
09.04.2021,432.94
10.04.2021,433.15
11.04.2021,433.15
12.04.2021,433.15
13.04.2021,433.4
14.04.2021,433.55
15.04.2021,430.99
16.04.2021,430.26
17.04.2021,430.39
18.04.2021,430.39
19.04.2021,430.39
20.04.2021,430.69
21.04.2021,429.76
22.04.2021,432.01
23.04.2021,432.21
24.04.2021,430.73
25.04.2021,430.73
26.04.2021,430.73
27.04.2021,429.85
28.04.2021,429.42
29.04.2021,429.33
30.04.2021,427.75
01.05.2021,428.75
02.05.2021,428.75
03.05.2021,428.75
04.05.2021,428.75
05.05.2021,428.99
06.05.2021,426.85
07.05.2021,426.99
08.05.2021,426.99
09.05.2021,426.99
10.05.2021,426.99
11.05.2021,426.99
12.05.2021,427.22
13.05.2021,426.14
14.05.2021,427.55
15.05.2021,428.71
16.05.2021,428.71
17.05.2021,428.71
18.05.2021,427.41
19.05.2021,426.05
20.05.2021,427.54
21.05.2021,429.21
22.05.2021,428.86
23.05.2021,428.86
24.05.2021,428.86
25.05.2021,427.58
26.05.2021,426.48
27.05.2021,427.19
28.05.2021,428.48
29.05.2021,427.9
30.05.2021,427.9
31.05.2021,427.9
01.06.2021,428.7
02.06.2021,427.42
03.06.2021,428.14
04.06.2021,427.99
05.06.2021,428.15
06.06.2021,428.15
07.06.2021,428.15
08.06.2021,426.81
09.06.2021,427.83
10.06.2021,426.72
11.06.2021,427.53
12.06.2021,427.15
13.06.2021,427.15
14.06.2021,427.15
15.06.2021,426.81
16.06.2021,426.99
17.06.2021,425.63
18.06.2021,426.77
19.06.2021,427.82
20.06.2021,427.82
21.06.2021,427.82
22.06.2021,427.23
23.06.2021,426.04
24.06.2021,426.61
25.06.2021,427.01
26.06.2021,426.94
27.06.2021,426.94
28.06.2021,426.94
29.06.2021,425.75
30.06.2021,427.79
01.07.2021,427.89
02.07.2021,426.05
03.07.2021,426.46
04.07.2021,424.99
05.07.2021,424.99
06.07.2021,424.99
07.07.2021,424.99
08.07.2021,427.85
09.07.2021,429.8
10.07.2021,429.34
11.07.2021,429.34
12.07.2021,429.34
13.07.2021,427.68
14.07.2021,426.51
15.07.2021,425.61
16.07.2021,426.61
17.07.2021,426.47
18.07.2021,426.47
19.07.2021,426.47
20.07.2021,427.19
21.07.2021,427.19
22.07.2021,428.52
23.07.2021,425.71
24.07.2021,424.68
25.07.2021,424.68
26.07.2021,424.68
27.07.2021,424.6
28.07.2021,424.37
29.07.2021,424.64
30.07.2021,424.51
31.07.2021,424.44
01.08.2021,424.44
02.08.2021,424.44
03.08.2021,424.46
04.08.2021,423.75
05.08.2021,424.02
06.08.2021,425.13
07.08.2021,424.32
08.08.2021,424.32
09.08.2021,424.32
10.08.2021,426.38
11.08.2021,425.83
12.08.2021,425.51
13.08.2021,424.24
14.08.2021,425.16
15.08.2021,425.16
16.08.2021,425.16
17.08.2021,425.58
18.08.2021,425
19.08.2021,425.57
20.08.2021,426.66
21.08.2021,426.93
22.08.2021,426.93
23.08.2021,426.93
24.08.2021,426
25.08.2021,424.63
26.08.2021,424.72
27.08.2021,425.37
28.08.2021,425.74
29.08.2021,425.74
30.08.2021,425.74
31.08.2021,425.74
01.09.2021,425.41
02.09.2021,425.66
03.09.2021,426.34
04.09.2021,424.85
05.09.2021,424.85
06.09.2021,424.85
07.09.2021,426.26
08.09.2021,425.47
09.09.2021,426.38
10.09.2021,426.13
11.09.2021,426.52
12.09.2021,426.52
13.09.2021,426.52
14.09.2021,425.99
15.09.2021,425.82
16.09.2021,426.39
17.09.2021,424.92
18.09.2021,425.3
19.09.2021,425.3
20.09.2021,425.3
21.09.2021,425.73
22.09.2021,425.85
23.09.2021,425.75
24.09.2021,425.02
25.09.2021,423.91
26.09.2021,423.91
27.09.2021,423.91
28.09.2021,423.95
29.09.2021,423.91
30.09.2021,425.67
01.10.2021,425.7
02.10.2021,425.94
03.10.2021,425.94
04.10.2021,425.94
05.10.2021,425.68
06.10.2021,424.64
07.10.2021,424.82
08.10.2021,425.86
09.10.2021,424.81
10.10.2021,424.81
11.10.2021,424.81
12.10.2021,424.53
13.10.2021,425.22
14.10.2021,426.15
15.10.2021,425.77
16.10.2021,425.78
17.10.2021,425.78
18.10.2021,425.78
19.10.2021,425.37
20.10.2021,426.14
21.10.2021,425.95
22.10.2021,425.71
23.10.2021,426.32
24.10.2021,426.32
25.10.2021,426.32
26.10.2021,425.07
27.10.2021,425.48
28.10.2021,426.01
29.10.2021,427.57
30.10.2021,427.11
31.10.2021,427.11
01.11.2021,427.11
02.11.2021,427.81
03.11.2021,427.59
04.11.2021,428.39
05.11.2021,429.5
06.11.2021,429.82
07.11.2021,429.82
08.11.2021,429.82
09.11.2021,428.67
10.11.2021,429.22
11.11.2021,428.51
12.11.2021,429.29
13.11.2021,429.59
14.11.2021,429.59
15.11.2021,429.59
16.11.2021,429.99
17.11.2021,429.68
18.11.2021,430.74
19.11.2021,431.6
20.11.2021,430.43
21.11.2021,430.43
22.11.2021,430.43
23.11.2021,431.58
24.11.2021,432.15
25.11.2021,429.73
26.11.2021,429.84
27.11.2021,431.07
28.11.2021,431.07
29.11.2021,431.07
30.11.2021,433.74
01.12.2021,434.16
02.12.2021,434.16
03.12.2021,435.76
04.12.2021,436.29
05.12.2021,436.29
06.12.2021,436.29
07.12.2021,435.85
08.12.2021,434.6
09.12.2021,434.46
10.12.2021,433.39
11.12.2021,434.4
12.12.2021,434.4
13.12.2021,434.4
14.12.2021,433.53
15.12.2021,434.84
16.12.2021,435.54
17.12.2021,435.54
18.12.2021,435.54
19.12.2021,435.54
20.12.2021,435.54
21.12.2021,436.35
22.12.2021,435.89
23.12.2021,434.87
24.12.2021,433.88
25.12.2021,432.28
26.12.2021,432.28
27.12.2021,432.28
28.12.2021,431.61
29.12.2021,431.18
30.12.2021,431.84
31.12.2021,431.67
01.01.2022,431.8
02.01.2022,431.8
03.01.2022,431.8
04.01.2022,431.8
05.01.2022,431.8
06.01.2022,431.81
07.01.2022,431.81
08.01.2022,431.81
09.01.2022,431.81
10.01.2022,431.81
11.01.2022,431.81
12.01.2022,431.81
13.01.2022,433.78
14.01.2022,433.69
15.01.2022,434.84
16.01.2022,434.84
17.01.2022,434.84
18.01.2022,434.58
19.01.2022,434.07
20.01.2022,434.48
21.01.2022,434.24
22.01.2022,435.1
23.01.2022,435.1
24.01.2022,435.1
25.01.2022,434.34
26.01.2022,435.2
27.01.2022,434.34
28.01.2022,434.38
29.01.2022,433.83
30.01.2022,433.83
31.01.2022,433.83
01.02.2022,433.5
02.02.2022,433.76
03.02.2022,434.11
04.02.2022,434.29
05.02.2022,432.93
06.02.2022,432.93
07.02.2022,432.93
08.02.2022,431.37
09.02.2022,428.5
10.02.2022,426.31
11.02.2022,425.76
12.02.2022,429.1
13.02.2022,429.1
14.02.2022,429.1
15.02.2022,431.38
16.02.2022,430.84
17.02.2022,427.84
18.02.2022,428.52
19.02.2022,428.32
20.02.2022,428.32
21.02.2022,428.32
22.02.2022,428.54
23.02.2022,433.39
24.02.2022,437.22
25.02.2022,465.99
26.02.2022,467.09
27.02.2022,467.09
28.02.2022,467.09
01.03.2022,495
02.03.2022,487.75
03.03.2022,490.43
04.03.2022,492.28
05.03.2022,499.2
06.03.2022,503.3
07.03.2022,503.3
08.03.2022,503.3
09.03.2022,503.3
10.03.2022,510
11.03.2022,509.8
12.03.2022,510.79
13.03.2022,510.79
14.03.2022,510.79
15.03.2022,511.71
16.03.2022,512.19
17.03.2022,508.94
18.03.2022,506.14
19.03.2022,505.22
20.03.2022,505.22
21.03.2022,505.22
22.03.2022,505.22
23.03.2022,505.22
24.03.2022,505.22
25.03.2022,495.43
26.03.2022,494.16
27.03.2022,494.16
28.03.2022,494.16
29.03.2022,484.49
30.03.2022,471.3
31.03.2022,458.2
01.04.2022,466.31
02.04.2022,472.56
03.04.2022,472.56
04.04.2022,472.56
05.04.2022,472.76
06.04.2022,462.91
07.04.2022,462.22
08.04.2022,458.87
09.04.2022,446.89
10.04.2022,446.89
11.04.2022,446.89
12.04.2022,449.53
13.04.2022,449.74
14.04.2022,450.17
15.04.2022,448.19
16.04.2022,454.27
17.04.2022,454.27
18.04.2022,454.27
19.04.2022,449.85
20.04.2022,443.57
21.04.2022,444.03
22.04.2022,444.04
23.04.2022,443.99
24.04.2022,443.99
25.04.2022,443.99
26.04.2022,448.26
27.04.2022,453.53
28.04.2022,449.55
29.04.2022,448.49
30.04.2022,446.38
01.05.2022,446.38
02.05.2022,446.38
03.05.2022,446.38
04.05.2022,441.64
05.05.2022,436.85
06.05.2022,427.8
07.05.2022,434.47
08.05.2022,434.47
09.05.2022,434.47
10.05.2022,434.47
11.05.2022,434.47
12.05.2022,442.61
13.05.2022,434.76
14.05.2022,427.84
15.05.2022,427.84
16.05.2022,427.84
17.05.2022,429.57
18.05.2022,432.79
19.05.2022,432.69
20.05.2022,431.41
21.05.2022,425.02
22.05.2022,425.02
23.05.2022,425.02
24.05.2022,424.84
25.05.2022,416.91
26.05.2022,415.12
27.05.2022,422.01
28.05.2022,433.3
29.05.2022,433.3
30.05.2022,433.3
31.05.2022,427.39
01.06.2022,414.67
02.06.2022,424.62
03.06.2022,432.78
04.06.2022,431.95
05.06.2022,431.95
06.06.2022,431.95
07.06.2022,431.88
08.06.2022,429.41
09.06.2022,433.45
10.06.2022,434.51
11.06.2022,435.76
12.06.2022,435.76
13.06.2022,435.76
14.06.2022,436.18
15.06.2022,435.92
16.06.2022,438.43
17.06.2022,442.17
18.06.2022,446.87
19.06.2022,446.87
20.06.2022,446.87
21.06.2022,443.26
22.06.2022,447.93
23.06.2022,454.11
24.06.2022,464.81
25.06.2022,470.9
26.06.2022,470.9
27.06.2022,470.9
28.06.2022,460.95
29.06.2022,456.05
30.06.2022,465.08
01.07.2022,470.34
02.07.2022,466.44
03.07.2022,466.44
04.07.2022,466.44
05.07.2022,464.16
06.07.2022,469.26
07.07.2022,469.26
08.07.2022,477.24
09.07.2022,474.92
10.07.2022,474.92
11.07.2022,474.92
12.07.2022,464.85
13.07.2022,473.38
14.07.2022,475.91
15.07.2022,478.39
16.07.2022,480.37
17.07.2022,480.37
18.07.2022,480.37
19.07.2022,484.18
20.07.2022,480.36
21.07.2022,481.2
22.07.2022,482.04
23.07.2022,483.88
24.07.2022,483.88
25.07.2022,483.88
26.07.2022,475.92
27.07.2022,479.83
28.07.2022,480.16
29.07.2022,478.78
30.07.2022,477.09
31.07.2022,477.09
01.08.2022,477.09
02.08.2022,479.51
03.08.2022,475.79
04.08.2022,476.27
05.08.2022,476.18
06.08.2022,477.98
07.08.2022,477.98
08.08.2022,477.98
09.08.2022,476.62
10.08.2022,478.39
11.08.2022,478.01
12.08.2022,477.67
13.08.2022,476.01
14.08.2022,476.01
15.08.2022,476.01
16.08.2022,476.18
17.08.2022,476.58
18.08.2022,476.2
19.08.2022,475.94
20.08.2022,476.43
21.08.2022,476.43
22.08.2022,476.43
23.08.2022,473.99
24.08.2022,470.45
25.08.2022,461.98
26.08.2022,465.05
27.08.2022,472.2
28.08.2022,468.1
29.08.2022,468.1
30.08.2022,468.1
31.08.2022,468.1
01.09.2022,472.21
02.09.2022,471.43
03.09.2022,472.47
04.09.2022,472.47
05.09.2022,472.47
06.09.2022,472.63
07.09.2022,472.47
08.09.2022,473.1
09.09.2022,477.46
10.09.2022,473.35
11.09.2022,473.35
12.09.2022,473.35
13.09.2022,471.99
14.09.2022,473.45
15.09.2022,473.91
16.09.2022,474.19
17.09.2022,477.12
18.09.2022,477.12
19.09.2022,477.12
20.09.2022,477.54
21.09.2022,478.26
22.09.2022,477.73
23.09.2022,481.29
24.09.2022,479.42
25.09.2022,479.42
26.09.2022,479.42
27.09.2022,477.37
28.09.2022,478.9
29.09.2022,479.39
30.09.2022,476.89
01.10.2022,476.71
02.10.2022,476.71
03.10.2022,476.71
04.10.2022,475.51
05.10.2022,472.68
06.10.2022,470.06
07.10.2022,468.75
08.10.2022,472.04
09.10.2022,472.04
10.10.2022,472.04
11.10.2022,473.38
12.10.2022,474.95
13.10.2022,477.89
14.10.2022,479.32
15.10.2022,476.89
16.10.2022,476.89
17.10.2022,476.89
18.10.2022,472.92
19.10.2022,472.88
20.10.2022,470.13
21.10.2022,468.27
22.10.2022,470.6
23.10.2022,472.93
24.10.2022,472.93
25.10.2022,472.93
26.10.2022,472.93
27.10.2022,471.32
28.10.2022,465.36
29.10.2022,467
30.10.2022,467
31.10.2022,467
01.11.2022,468.35
02.11.2022,466.22
03.11.2022,460.56
04.11.2022,463.6
05.11.2022,464.45
06.11.2022,464.45
07.11.2022,464.45
08.11.2022,464.4
09.11.2022,464.01
10.11.2022,465.58
11.11.2022,469.42
12.11.2022,462.01
13.11.2022,462.01
14.11.2022,462.01
15.11.2022,459.74
16.11.2022,460.99
17.11.2022,459.35
18.11.2022,459.05
19.11.2022,459.04
20.11.2022,459.04
21.11.2022,459.04
22.11.2022,463.55
23.11.2022,462.75
24.11.2022,462.65
25.11.2022,465.95
26.11.2022,465.38
27.11.2022,465.38
28.11.2022,465.38
29.11.2022,467.99
30.11.2022,468.43
01.12.2022,468.9
02.12.2022,468.45
03.12.2022,468.98
04.12.2022,468.98
05.12.2022,468.98
06.12.2022,469.17
07.12.2022,472.33
08.12.2022,473.54
09.12.2022,472.17
10.12.2022,472.14
11.12.2022,472.14
12.12.2022,472.14
13.12.2022,469.93
14.12.2022,469.35
15.12.2022,468.52
16.12.2022,468.56
17.12.2022,468.56
18.12.2022,468.56
19.12.2022,468.56
20.12.2022,468.24
21.12.2022,469.18
22.12.2022,470.28
23.12.2022,466.98
24.12.2022,461.97
25.12.2022,461.97
26.12.2022,461.97
27.12.2022,461.1
28.12.2022,460.62
29.12.2022,461.23
30.12.2022,460.98
31.12.2022,462.65
01.01.2023,462.65
02.01.2023,462.65
03.01.2023,462.65
04.01.2023,462.65
05.01.2023,465.39
06.01.2023,465.93
07.01.2023,463.31
08.01.2023,463.31
09.01.2023,463.31
10.01.2023,462.49
11.01.2023,461.84
12.01.2023,462.2
13.01.2023,462.58
14.01.2023,462.29
15.01.2023,462.29
16.01.2023,462.29
17.01.2023,462.69
18.01.2023,464.09
19.01.2023,464.34
20.01.2023,462.77
21.01.2023,462.55
22.01.2023,462.55
23.01.2023,462.55
24.01.2023,462.04
25.01.2023,461.88
26.01.2023,461.41
27.01.2023,461.37
28.01.2023,460.43
29.01.2023,460.43
30.01.2023,460.43
31.01.2023,459.92
01.02.2023,460.51
02.02.2023,460.87
03.02.2023,459.92
04.02.2023,458.69
05.02.2023,458.69
06.02.2023,458.69
07.02.2023,457.7
08.02.2023,456.98
09.02.2023,455.65
10.02.2023,452.39
11.02.2023,450.79
12.02.2023,450.79
13.02.2023,450.79
14.02.2023,452.43
15.02.2023,451.17
16.02.2023,447.29
17.02.2023,444.09
18.02.2023,444.23
19.02.2023,444.23
20.02.2023,444.23
21.02.2023,447.68
22.02.2023,445.65
23.02.2023,446.6
24.02.2023,449.22
25.02.2023,447.73
26.02.2023,447.73
27.02.2023,447.73
28.02.2023,449.14
01.03.2023,445.82
02.03.2023,442.11
03.03.2023,435.69
04.03.2023,431.08
05.03.2023,431.08
06.03.2023,431.08
07.03.2023,432.83
08.03.2023,438.57
09.03.2023,438.57
10.03.2023,441.12
11.03.2023,445.98
12.03.2023,445.98
13.03.2023,445.98
14.03.2023,456.66
15.03.2023,458.22
16.03.2023,464.79
17.03.2023,466.15
18.03.2023,460.79
19.03.2023,460.79
20.03.2023,460.79
21.03.2023,462.36
22.03.2023,462.36
23.03.2023,462.36
24.03.2023,462.36
25.03.2023,457.29
26.03.2023,457.29
27.03.2023,457.29
28.03.2023,458.87
29.03.2023,455
30.03.2023,448.39
31.03.2023,448.05
01.04.2023,451.71
02.04.2023,451.71
03.04.2023,451.71
04.04.2023,450.83
05.04.2023,449.39
06.04.2023,446.79
07.04.2023,447.31
08.04.2023,445.01
09.04.2023,445.01
10.04.2023,445.01
11.04.2023,444.29
12.04.2023,448.82
13.04.2023,452.97
14.04.2023,449.86
15.04.2023,450.25
16.04.2023,450.25
17.04.2023,450.25
18.04.2023,448.41
19.04.2023,451
20.04.2023,455.07
21.04.2023,455.63
22.04.2023,457.68
23.04.2023,457.68
24.04.2023,457.68
25.04.2023,456.34
26.04.2023,455.04
27.04.2023,453.93
28.04.2023,456.21
29.04.2023,453.39
30.04.2023,453.39
01.05.2023,453.39
02.05.2023,453.39
03.05.2023,449.15
04.05.2023,442.52
05.05.2023,445.29
06.05.2023,445.28
07.05.2023,445.28
08.05.2023,445.28
09.05.2023,445.28
10.05.2023,445.28
11.05.2023,444.16
12.05.2023,444.22
13.05.2023,445.99
14.05.2023,445.99
15.05.2023,445.99
16.05.2023,450.48
17.05.2023,449.13
18.05.2023,449.69
19.05.2023,449.19
20.05.2023,448.31
21.05.2023,448.31
22.05.2023,448.31
23.05.2023,445.12
24.05.2023,441.74
25.05.2023,444.44
26.05.2023,446.65
27.05.2023,445.68
28.05.2023,445.68
29.05.2023,445.68
30.05.2023,444.45
31.05.2023,447.08
01.06.2023,448.13
02.06.2023,448.72
03.06.2023,447.9
04.06.2023,447.9
05.06.2023,447.9
06.06.2023,448.71
07.06.2023,447.71
08.06.2023,446.65
09.06.2023,444.85
10.06.2023,445.62
11.06.2023,445.62
12.06.2023,445.62
13.06.2023,447.32
14.06.2023,448.62
15.06.2023,450.16
16.06.2023,451.82
17.06.2023,450.99
18.06.2023,450.99
19.06.2023,450.99
20.06.2023,447.15
21.06.2023,448.3
22.06.2023,447.4
23.06.2023,447.62
24.06.2023,447.05
25.06.2023,447.05
26.06.2023,447.05
27.06.2023,450.06
28.06.2023,450.36
29.06.2023,450.36
30.06.2023,454.13
01.07.2023,452.51
02.07.2023,449.33
03.07.2023,449.33
04.07.2023,448.13
05.07.2023,446.79
06.07.2023,443.84
07.07.2023,443.84
08.07.2023,443.84
09.07.2023,443.84
10.07.2023,443.84
11.07.2023,444.89
12.07.2023,441.11
13.07.2023,440.55
14.07.2023,443.4
15.07.2023,446.48
16.07.2023,446.48
17.07.2023,446.48
18.07.2023,446.34
19.07.2023,444.15
20.07.2023,442.68
21.07.2023,443.99
22.07.2023,444.81
23.07.2023,444.81
24.07.2023,444.81
25.07.2023,445.24
26.07.2023,445.06
27.07.2023,444.29
28.07.2023,444.72
29.07.2023,445.68
30.07.2023,445.68
31.07.2023,445.68
01.08.2023,446.07
02.08.2023,445.04
03.08.2023,443.66
04.08.2023,445.01
05.08.2023,445.29
06.08.2023,445.29
07.08.2023,445.29
08.08.2023,446.36
09.08.2023,445.88
10.08.2023,446.32
11.08.2023,445.03
12.08.2023,445.81
13.08.2023,445.81
14.08.2023,445.81
15.08.2023,448.55
16.08.2023,449.17
17.08.2023,454.3
18.08.2023,463.19
19.08.2023,461.71
20.08.2023,461.71
21.08.2023,461.71
22.08.2023,452.34
23.08.2023,453.13
24.08.2023,458.13
25.08.2023,462.04
26.08.2023,460.17
27.08.2023,460.17
28.08.2023,460.17
29.08.2023,464.05
30.08.2023,461.44
31.08.2023,461.44
01.09.2023,459.69
02.09.2023,456.39
03.09.2023,456.39
04.09.2023,456.39
05.09.2023,459.52
06.09.2023,459.97
07.09.2023,461.41
08.09.2023,464.48
09.09.2023,466.29
10.09.2023,466.29
11.09.2023,466.29
12.09.2023,462.88
13.09.2023,460.5
14.09.2023,463.98
15.09.2023,466.18
16.09.2023,467.29
17.09.2023,467.29
18.09.2023,467.29
19.09.2023,469.31
20.09.2023,471.45
21.09.2023,473.22
22.09.2023,475.96
23.09.2023,475.25
24.09.2023,475.25
25.09.2023,475.25
26.09.2023,473.98
27.09.2023,476.89
28.09.2023,482.77
29.09.2023,477.57
30.09.2023,474.47
01.10.2023,474.47
02.10.2023,474.47
03.10.2023,478.35
04.10.2023,477.25
05.10.2023,476.59
06.10.2023,477.44
07.10.2023,478.43
08.10.2023,478.43
09.10.2023,478.43
10.10.2023,477.02
11.10.2023,477.21
12.10.2023,476.78
13.10.2023,475.78
14.10.2023,476.98
15.10.2023,476.98
16.10.2023,476.98
17.10.2023,476.64
18.10.2023,477.12
19.10.2023,477.99
20.10.2023,479.4
21.10.2023,479.06
22.10.2023,479.06
23.10.2023,479.06
24.10.2023,478.77
25.10.2023,475.86
26.10.2023,475.86
27.10.2023,476.28
28.10.2023,470.3
29.10.2023,470.3
30.10.2023,470.3
31.10.2023,471.87
01.11.2023,469.67
02.11.2023,470.09
03.11.2023,468.13
04.11.2023,465.14
05.11.2023,465.14
06.11.2023,465.14
07.11.2023,462.46
08.11.2023,464.49
09.11.2023,466.79
10.11.2023,468.05
11.11.2023,467.9
12.11.2023,467.9
13.11.2023,467.9
14.11.2023,465.89
15.11.2023,463.65
16.11.2023,461.53
17.11.2023,461.55
18.11.2023,462.79
19.11.2023,462.79
20.11.2023,462.79
21.11.2023,462.56
22.11.2023,459.04
23.11.2023,456.83
24.11.2023,461.17
25.11.2023,463.09
26.11.2023,463.09
27.11.2023,463.09
28.11.2023,459.37
29.11.2023,459.04
30.11.2023,459.06
01.12.2023,458.04
02.12.2023,460.15
03.12.2023,460.15
04.12.2023,460.15
05.12.2023,461.33
06.12.2023,461.05
07.12.2023,459.46
08.12.2023,459.91
09.12.2023,457.61
10.12.2023,457.61
11.12.2023,457.61
12.12.2023,458.49
13.12.2023,456.52
14.12.2023,455.69
15.12.2023,455.63
16.12.2023,457.44
17.12.2023,457.44
18.12.2023,457.44
19.12.2023,457.44
20.12.2023,458
21.12.2023,456.18
22.12.2023,456.99
23.12.2023,459.69
24.12.2023,459.69
25.12.2023,459.69
26.12.2023,457.63
27.12.2023,456.22
28.12.2023,455.5
29.12.2023,453.64
30.12.2023,454.56
31.12.2023,454.56
01.01.2024,454.56
02.01.2024,454.56
03.01.2024,454.56
04.01.2024,457.06
05.01.2024,456.09
06.01.2024,453.43
07.01.2024,453.43
08.01.2024,453.43
09.01.2024,453.4
10.01.2024,453.19
11.01.2024,453.34
12.01.2024,453.12
13.01.2024,451.33
14.01.2024,451.33
15.01.2024,451.33
16.01.2024,451.37
17.01.2024,451.25
18.01.2024,452.95
19.01.2024,451.8
20.01.2024,450.04
21.01.2024,450.04
22.01.2024,450.04
23.01.2024,448.61
24.01.2024,446.03
25.01.2024,445.43
26.01.2024,446.03
27.01.2024,449.74
28.01.2024,449.74
29.01.2024,449.74
30.01.2024,449.98
31.01.2024,448.17
01.02.2024,447.74
02.02.2024,449.64
03.02.2024,451.24
04.02.2024,451.24
05.02.2024,451.24
06.02.2024,453.16
07.02.2024,454.59
08.02.2024,452.14
09.02.2024,450.34
10.02.2024,447.1
11.02.2024,447.1
12.02.2024,447.1
13.02.2024,446.72
14.02.2024,447.99
15.02.2024,447.17
16.02.2024,448.06
17.02.2024,448.68
18.02.2024,448.68
19.02.2024,448.68
20.02.2024,450.14
21.02.2024,452.94
22.02.2024,450.8
23.02.2024,450.47
24.02.2024,449.88
25.02.2024,449.88
26.02.2024,449.88
27.02.2024,449.96
28.02.2024,448.89
29.02.2024,451.31
01.03.2024,450.61
02.03.2024,451.03
03.03.2024,451.03
04.03.2024,451.03
05.03.2024,453.35
06.03.2024,450.53
07.03.2024,447.52
08.03.2024,447.29
09.03.2024,447.29
10.03.2024,447.29
11.03.2024,447.29
12.03.2024,448.91
13.03.2024,449.3
14.03.2024,449.89
15.03.2024,449.16
16.03.2024,448.58
17.03.2024,448.58
18.03.2024,448.58
19.03.2024,449.3
20.03.2024,451.08
21.03.2024,451.27
22.03.2024,451.27
23.03.2024,451.27
24.03.2024,451.27
25.03.2024,451.27
26.03.2024,451.27
27.03.2024,450.07
28.03.2024,449.58
29.03.2024,448.15
30.03.2024,446.78
31.03.2024,446.78
01.04.2024,446.78
02.04.2024,446.56
03.04.2024,447.53
04.04.2024,446.91
05.04.2024,446.49
06.04.2024,446.78
07.04.2024,446.78
08.04.2024,446.78
09.04.2024,445.95
10.04.2024,446.14
11.04.2024,447.15
12.04.2024,448.41
13.04.2024,447.89
14.04.2024,447.89
15.04.2024,447.89
16.04.2024,448.56
17.04.2024,448.81
18.04.2024,448.89
19.04.2024,447.4
20.04.2024,446.49
21.04.2024,446.49
22.04.2024,446.49
23.04.2024,445.66
24.04.2024,444.32
25.04.2024,443.85
26.04.2024,444.22
27.04.2024,443.35
28.04.2024,443.35
29.04.2024,443.35
30.04.2024,441.44
01.05.2024,442.05
02.05.2024,442.05
03.05.2024,443.37
04.05.2024,444.14
05.05.2024,441.66
06.05.2024,441.66
07.05.2024,439.43
08.05.2024,439.43
09.05.2024,439.43
10.05.2024,439.43
11.05.2024,439.4
12.05.2024,439.4
13.05.2024,439.4
14.05.2024,440.92
15.05.2024,440.9
16.05.2024,441.41
17.05.2024,441.58
18.05.2024,443.44
19.05.2024,443.44
20.05.2024,443.44
21.05.2024,443.72
22.05.2024,441.8
23.05.2024,441.79
24.05.2024,443.03
25.05.2024,443.16
26.05.2024,443.16
27.05.2024,443.16
28.05.2024,442.84
29.05.2024,441.59
30.05.2024,442.85
31.05.2024,444.79
01.06.2024,447.25
02.06.2024,447.25
03.06.2024,447.25
04.06.2024,447.08
05.06.2024,448.01
06.06.2024,448.64
07.06.2024,446.89
08.06.2024,447.37
09.06.2024,447.37
10.06.2024,447.37
11.06.2024,448.12
12.06.2024,449.76
13.06.2024,451.77
14.06.2024,451.38
15.06.2024,450.79
16.06.2024,450.79
17.06.2024,450.79
18.06.2024,452.92
19.06.2024,457.98
20.06.2024,459.75
21.06.2024,459.6
22.06.2024,464.72
23.06.2024,464.72
24.06.2024,464.72
25.06.2024,465.28
26.06.2024,467.29
27.06.2024,463.77
28.06.2024,465.52
29.06.2024,471.46
30.06.2024,471.46
01.07.2024,471.46
02.07.2024,475.18
03.07.2024,471.83
04.07.2024,472.57
05.07.2024,475.39
06.07.2024,476.27
07.07.2024,476.27
08.07.2024,476.27
09.07.2024,476.27
10.07.2024,480.77
11.07.2024,478.48
12.07.2024,474.26
13.07.2024,475.03
14.07.2024,475.03
15.07.2024,475.03
16.07.2024,472.49
17.07.2024,474.62
18.07.2024,474.83
19.07.2024,477.03
20.07.2024,478.58
21.07.2024,478.58
22.07.2024,478.58
23.07.2024,473.15
24.07.2024,472.62
25.07.2024,474.09
26.07.2024,474.72
27.07.2024,474.83
28.07.2024,474.83
29.07.2024,474.83
30.07.2024,473.29
31.07.2024,475.37
01.08.2024,473.95
02.08.2024,474.71
03.08.2024,474.57
04.08.2024,474.57
05.08.2024,474.57
06.08.2024,477.15
07.08.2024,479.4
08.08.2024,475.62
09.08.2024,477.14
10.08.2024,477.04
11.08.2024,477.04
12.08.2024,477.04
13.08.2024,479.03
14.08.2024,479.44
15.08.2024,479.83
16.08.2024,478.57
17.08.2024,478.91
18.08.2024,478.91
19.08.2024,478.91
20.08.2024,478.74
21.08.2024,476.81
22.08.2024,475.7
23.08.2024,479.08
24.08.2024,482.78
25.08.2024,482.78
26.08.2024,482.78
27.08.2024,483.65
28.08.2024,480.59
29.08.2024,481.22
30.08.2024,481.63
31.08.2024,481.63
01.09.2024,481.63
02.09.2024,481.63
03.09.2024,482.53
04.09.2024,482.74
05.09.2024,483.57
06.09.2024,482.94
07.09.2024,480.55
08.09.2024,480.55
09.09.2024,480.55
10.09.2024,478.89
11.09.2024,477.45
12.09.2024,477.62
13.09.2024,477.13
14.09.2024,479.38
15.09.2024,479.38
16.09.2024,479.38
17.09.2024,480.61
18.09.2024,480.63
19.09.2024,478.96
20.09.2024,478.93
21.09.2024,479.05
22.09.2024,479.05
23.09.2024,479.05
24.09.2024,480.5
25.09.2024,479.71
26.09.2024,478.16
27.09.2024,478.54
28.09.2024,479.23
29.09.2024,479.23
30.09.2024,479.23
01.10.2024,481.19
02.10.2024,480.11
03.10.2024,483.23
04.10.2024,482.86
05.10.2024,481.84
06.10.2024,481.84
07.10.2024,481.84
08.10.2024,484.37
09.10.2024,486.44
10.10.2024,489.06
11.10.2024,490.84
12.10.2024,487.37
13.10.2024,487.37
14.10.2024,487.37
15.10.2024,484.11
16.10.2024,487.42
17.10.2024,488.93
18.10.2024,487.24
19.10.2024,485.04
20.10.2024,485.04
21.10.2024,485.04
22.10.2024,481.68
23.10.2024,484.19
24.10.2024,486.65
25.10.2024,485.11
26.10.2024,485.11
27.10.2024,485.11
28.10.2024,485.11
29.10.2024,487.81
30.10.2024,491.7
31.10.2024,488.45
01.11.2024,488.26
02.11.2024,488.11
03.11.2024,488.11
04.11.2024,488.11
05.11.2024,489.36
06.11.2024,488.91
07.11.2024,492.14
08.11.2024,492.22
09.11.2024,491.71
10.11.2024,491.71
11.11.2024,491.71
12.11.2024,492.65
13.11.2024,494.95
14.11.2024,492.17
15.11.2024,493.85
16.11.2024,495.95
17.11.2024,495.95
18.11.2024,495.95
19.11.2024,497.89
20.11.2024,497.26
21.11.2024,495.2
22.11.2024,494.87
23.11.2024,498.34
24.11.2024,498.34
25.11.2024,498.34
26.11.2024,498.51
27.11.2024,498.55
28.11.2024,499.51
29.11.2024,513
30.11.2024,511.22
01.12.2024,511.22
02.12.2024,511.22
03.12.2024,524.58
04.12.2024,523.17
05.12.2024,523.58
06.12.2024,524.65
07.12.2024,514.65
08.12.2024,514.65
09.12.2024,514.65
10.12.2024,510.08
11.12.2024,508.05
12.12.2024,516.93
13.12.2024,522.91
14.12.2024,522.49
15.12.2024,522.49
16.12.2024,522.49
17.12.2024,522.49
18.12.2024,524.66
19.12.2024,522.63
20.12.2024,524.02
21.12.2024,523.86
22.12.2024,523.86
23.12.2024,523.86
24.12.2024,523.72
25.12.2024,515.89
26.12.2024,514.93
27.12.2024,515.25
28.12.2024,521.81
29.12.2024,521.81
30.12.2024,521.81
31.12.2024,523.54
01.01.2025,525.11
02.01.2025,525.11
03.01.2025,525.11
04.01.2025,525.11
05.01.2025,525.11
06.01.2025,526.11
07.01.2025,527.3
08.01.2025,527.3
09.01.2025,527.23
10.01.2025,524.75
11.01.2025,526.81
12.01.2025,526.81
13.01.2025,526.81
14.01.2025,528.52
15.01.2025,530.24
16.01.2025,529.7
17.01.2025,529.65
18.01.2025,530.12
19.01.2025,530.12
20.01.2025,530.12
21.01.2025,529.99
22.01.2025,527.58
23.01.2025,520.91
24.01.2025,522.42
25.01.2025,517.84
26.01.2025,517.84
27.01.2025,517.84
28.01.2025,516.77
29.01.2025,516.13
30.01.2025,516.85
31.01.2025,519.28
01.02.2025,518.14
02.02.2025,518.14
03.02.2025,518.14
04.02.2025,521.6
05.02.2025,520.27
06.02.2025,515.97
07.02.2025,515.31
08.02.2025,511.18
09.02.2025,511.18
10.02.2025,511.18
11.02.2025,510.49
12.02.2025,506.43
13.02.2025,501.31
14.02.2025,497.88
15.02.2025,495.28
16.02.2025,495.28
17.02.2025,495.28
18.02.2025,498.75
19.02.2025,497.89
20.02.2025,503.61
21.02.2025,499.76
22.02.2025,502.47
23.02.2025,502.47
24.02.2025,502.47
25.02.2025,502.89
26.02.2025,498.69
27.02.2025,501.28
28.02.2025,501.49
01.03.2025,499.22
02.03.2025,499.22
03.03.2025,499.22
04.03.2025,499.11
05.03.2025,499.74
06.03.2025,496.71
07.03.2025,495.95
08.03.2025,494.84
09.03.2025,494.84
10.03.2025,494.84
11.03.2025,494.84
12.03.2025,488.53
13.03.2025,489.15
14.03.2025,495.28
15.03.2025,505.15
16.03.2025,505.15
17.03.2025,505.15
18.03.2025,499.04
19.03.2025,496.41
20.03.2025,500.32
21.03.2025,502.83
22.03.2025,502.83
23.03.2025,502.83
24.03.2025,502.83
25.03.2025,502.83
26.03.2025,502.83
27.03.2025,501.81
28.03.2025,498.25
29.03.2025,503.42
30.03.2025,503.42
31.03.2025,503.42
01.04.2025,504.44
02.04.2025,503.15
03.04.2025,503.05
04.04.2025,501.57
05.04.2025,504.34
06.04.2025,504.34
07.04.2025,504.34
08.04.2025,518.31
09.04.2025,518.57
10.04.2025,520.48
11.04.2025,515.18
12.04.2025,514.94
13.04.2025,514.94
14.04.2025,514.94
15.04.2025,518.21
16.04.2025,516.91
17.04.2025,521.67
18.04.2025,523.2
19.04.2025,521.9
20.04.2025,521.9
21.04.2025,521.9
22.04.2025,521.53
23.04.2025,518.07
24.04.2025,518.34
25.04.2025,517.16
26.04.2025,515.03
27.04.2025,515.03
28.04.2025,515.03
29.04.2025,513.68
30.04.2025,512.32
01.05.2025,512.34
02.05.2025,512.34
